{
  "song_id": "i walk this earth all by myself",
  "instrument": "vocals",
  "difficulty": "Hard",
  "columns": 4,
  "bpm": 166.0,
  "generated_at": 1768740501,
  "notes": [
    {
      "time": 6.054217,
      "col": 0
    },
    {
      "time": 7.5,
      "col": 1
    },
    {
      "time": 7.951807,
      "col": 2
    },
    {
      "time": 8.222892,
      "col": 3
    },
    {
      "time": 8.403615,
      "col": 0
    },
    {
      "time": 8.945784,
      "col": 1
    },
    {
      "time": 9.036144,
      "col": 2
    },
    {
      "time": 9.307229,
      "col": 3
    },
    {
      "time": 9.487952,
      "col": 0
    },
    {
      "time": 9.668675,
      "col": 1
    },
    {
      "time": 10.210843,
      "col": 2
    },
    {
      "time": 11.114458,
      "col": 3
    },
    {
      "time": 14.728916,
      "col": 0
    },
    {
      "time": 15.090362,
      "col": 1
    },
    {
      "time": 15.180723,
      "col": 2
    },
    {
      "time": 15.451808,
      "col": 3
    },
    {
      "time": 15.542169,
      "col": 0
    },
    {
      "time": 16.26506,
      "col": 1
    },
    {
      "time": 16.355421,
      "col": 2
    },
    {
      "time": 16.626507,
      "col": 3
    },
    {
      "time": 16.716867,
      "col": 0
    },
    {
      "time": 16.89759,
      "col": 1
    },
    {
      "time": 17.168674,
      "col": 2
    },
    {
      "time": 17.259035,
      "col": 3
    },
    {
      "time": 17.620481,
      "col": 0
    },
    {
      "time": 17.710844,
      "col": 1
    },
    {
      "time": 20.60241,
      "col": 2
    },
    {
      "time": 20.873493,
      "col": 3
    },
    {
      "time": 21.86747,
      "col": 0
    },
    {
      "time": 21.95783,
      "col": 1
    },
    {
      "time": 22.138554,
      "col": 2
    },
    {
      "time": 22.590363,
      "col": 3
    },
    {
      "time": 22.680723,
      "col": 0
    },
    {
      "time": 22.861444,
      "col": 1
    },
    {
      "time": 22.951807,
      "col": 2
    },
    {
      "time": 23.493977,
      "col": 3
    },
    {
      "time": 26.385542,
      "col": 0
    },
    {
      "time": 26.746988,
      "col": 1
    },
    {
      "time": 27.018072,
      "col": 2
    },
    {
      "time": 27.831326,
      "col": 3
    },
    {
      "time": 28.192772,
      "col": 0
    },
    {
      "time": 28.463856,
      "col": 1
    },
    {
      "time": 28.554216,
      "col": 2
    },
    {
      "time": 28.644577,
      "col": 3
    },
    {
      "time": 29.27711,
      "col": 0
    },
    {
      "time": 29.548193,
      "col": 1
    },
    {
      "time": 30.09036,
      "col": 2
    },
    {
      "time": 30.451807,
      "col": 3
    },
    {
      "time": 32.43976,
      "col": 0
    },
    {
      "time": 32.53012,
      "col": 1
    },
    {
      "time": 33.16265,
      "col": 2
    },
    {
      "time": 33.524097,
      "col": 3
    },
    {
      "time": 33.614456,
      "col": 0
    },
    {
      "time": 33.70482,
      "col": 1
    },
    {
      "time": 33.795177,
      "col": 2
    },
    {
      "time": 33.88554,
      "col": 3
    },
    {
      "time": 33.975903,
      "col": 0
    },
    {
      "time": 34.066265,
      "col": 1
    },
    {
      "time": 34.246986,
      "col": 2
    },
    {
      "time": 34.33735,
      "col": 3
    },
    {
      "time": 34.42771,
      "col": 0
    },
    {
      "time": 34.608433,
      "col": 1
    },
    {
      "time": 35.06024,
      "col": 2
    },
    {
      "time": 35.873497,
      "col": 3
    },
    {
      "time": 36.3253,
      "col": 0
    },
    {
      "time": 37.861446,
      "col": 1
    },
    {
      "time": 37.95181,
      "col": 2
    },
    {
      "time": 38.04217,
      "col": 3
    },
    {
      "time": 38.222893,
      "col": 0
    },
    {
      "time": 38.403614,
      "col": 1
    },
    {
      "time": 38.493973,
      "col": 2
    },
    {
      "time": 38.584335,
      "col": 3
    },
    {
      "time": 38.674698,
      "col": 0
    },
    {
      "time": 38.76506,
      "col": 1
    },
    {
      "time": 39.39759,
      "col": 2
    },
    {
      "time": 39.487953,
      "col": 3
    },
    {
      "time": 39.668674,
      "col": 0
    },
    {
      "time": 39.8494,
      "col": 1
    },
    {
      "time": 39.93976,
      "col": 2
    },
    {
      "time": 40.391567,
      "col": 3
    },
    {
      "time": 40.843372,
      "col": 0
    },
    {
      "time": 40.933735,
      "col": 1
    },
    {
      "time": 41.114456,
      "col": 2
    },
    {
      "time": 41.20482,
      "col": 3
    },
    {
      "time": 41.29518,
      "col": 0
    },
    {
      "time": 42.018074,
      "col": 1
    },
    {
      "time": 43.644577,
      "col": 2
    },
    {
      "time": 43.825302,
      "col": 3
    },
    {
      "time": 43.91566,
      "col": 0
    },
    {
      "time": 44.006023,
      "col": 1
    },
    {
      "time": 45.451805,
      "col": 2
    },
    {
      "time": 45.72289,
      "col": 3
    },
    {
      "time": 46.174698,
      "col": 0
    },
    {
      "time": 46.626507,
      "col": 1
    },
    {
      "time": 46.807228,
      "col": 2
    },
    {
      "time": 46.89759,
      "col": 3
    },
    {
      "time": 47.078316,
      "col": 0
    },
    {
      "time": 47.168674,
      "col": 1
    },
    {
      "time": 47.259037,
      "col": 2
    },
    {
      "time": 47.439762,
      "col": 3
    },
    {
      "time": 47.53012,
      "col": 0
    },
    {
      "time": 47.620483,
      "col": 1
    },
    {
      "time": 47.801205,
      "col": 2
    },
    {
      "time": 49.42771,
      "col": 3
    },
    {
      "time": 49.608437,
      "col": 0
    },
    {
      "time": 49.789158,
      "col": 1
    },
    {
      "time": 49.879517,
      "col": 2
    },
    {
      "time": 50.1506,
      "col": 3
    },
    {
      "time": 50.963856,
      "col": 0
    },
    {
      "time": 51.23494,
      "col": 1
    },
    {
      "time": 52.31928,
      "col": 2
    },
    {
      "time": 52.409637,
      "col": 3
    },
    {
      "time": 52.5,
      "col": 0
    },
    {
      "time": 52.59036,
      "col": 1
    },
    {
      "time": 52.68072,
      "col": 2
    },
    {
      "time": 52.861446,
      "col": 3
    },
    {
      "time": 53.042168,
      "col": 0
    },
    {
      "time": 55.210842,
      "col": 1
    },
    {
      "time": 55.301205,
      "col": 2
    },
    {
      "time": 55.481926,
      "col": 3
    },
    {
      "time": 55.57229,
      "col": 0
    },
    {
      "time": 55.753014,
      "col": 1
    },
    {
      "time": 56.656628,
      "col": 2
    },
    {
      "time": 56.83735,
      "col": 3
    },
    {
      "time": 57.01807,
      "col": 0
    },
    {
      "time": 57.289154,
      "col": 1
    },
    {
      "time": 57.379517,
      "col": 2
    },
    {
      "time": 58.10241,
      "col": 3
    },
    {
      "time": 58.192772,
      "col": 0
    },
    {
      "time": 58.283134,
      "col": 1
    },
    {
      "time": 58.373493,
      "col": 2
    },
    {
      "time": 58.463856,
      "col": 3
    },
    {
      "time": 58.55422,
      "col": 0
    },
    {
      "time": 58.64458,
      "col": 1
    },
    {
      "time": 58.73494,
      "col": 2
    },
    {
      "time": 58.825302,
      "col": 3
    },
    {
      "time": 58.915665,
      "col": 0
    },
    {
      "time": 59.006027,
      "col": 1
    },
    {
      "time": 59.277107,
      "col": 2
    },
    {
      "time": 59.36747,
      "col": 3
    },
    {
      "time": 60.271084,
      "col": 0
    },
    {
      "time": 60.45181,
      "col": 1
    },
    {
      "time": 61.89759,
      "col": 2
    },
    {
      "time": 62.43976,
      "col": 3
    },
    {
      "time": 62.98193,
      "col": 0
    },
    {
      "time": 63.614456,
      "col": 1
    },
    {
      "time": 63.975903,
      "col": 2
    },
    {
      "time": 66.86747,
      "col": 3
    },
    {
      "time": 67.22891,
      "col": 0
    },
    {
      "time": 67.77109,
      "col": 1
    },
    {
      "time": 68.22289,
      "col": 2
    },
    {
      "time": 68.6747,
      "col": 3
    },
    {
      "time": 69.03615,
      "col": 0
    },
    {
      "time": 69.75903,
      "col": 1
    },
    {
      "time": 69.849396,
      "col": 2
    },
    {
      "time": 70.03012,
      "col": 3
    },
    {
      "time": 71.20482,
      "col": 0
    },
    {
      "time": 72.92169,
      "col": 1
    },
    {
      "time": 73.01205,
      "col": 2
    },
    {
      "time": 73.283134,
      "col": 3
    },
    {
      "time": 73.3735,
      "col": 0
    },
    {
      "time": 73.915665,
      "col": 1
    },
    {
      "time": 74.00603,
      "col": 2
    },
    {
      "time": 74.09638,
      "col": 3
    },
    {
      "time": 74.186745,
      "col": 0
    },
    {
      "time": 74.548195,
      "col": 1
    },
    {
      "time": 74.63856,
      "col": 2
    },
    {
      "time": 74.72892,
      "col": 3
    },
    {
      "time": 75.54217,
      "col": 0
    },
    {
      "time": 75.63253,
      "col": 1
    },
    {
      "time": 76.35542,
      "col": 2
    },
    {
      "time": 76.716866,
      "col": 3
    },
    {
      "time": 76.80723,
      "col": 0
    },
    {
      "time": 78.79518,
      "col": 1
    },
    {
      "time": 79.42771,
      "col": 2
    },
    {
      "time": 79.78916,
      "col": 3
    },
    {
      "time": 79.87952,
      "col": 0
    },
    {
      "time": 79.96988,
      "col": 1
    },
    {
      "time": 80.06024,
      "col": 2
    },
    {
      "time": 80.24097,
      "col": 3
    },
    {
      "time": 80.33133,
      "col": 0
    },
    {
      "time": 80.42169,
      "col": 1
    },
    {
      "time": 80.512054,
      "col": 2
    },
    {
      "time": 80.8735,
      "col": 3
    },
    {
      "time": 81.3253,
      "col": 0
    },
    {
      "time": 81.686745,
      "col": 1
    },
    {
      "time": 82.680725,
      "col": 2
    },
    {
      "time": 84.12651,
      "col": 3
    },
    {
      "time": 84.216866,
      "col": 0
    },
    {
      "time": 84.48795,
      "col": 1
    },
    {
      "time": 84.578316,
      "col": 2
    },
    {
      "time": 84.8494,
      "col": 3
    },
    {
      "time": 84.93976,
      "col": 0
    },
    {
      "time": 85.572296,
      "col": 1
    },
    {
      "time": 85.66265,
      "col": 2
    },
    {
      "time": 85.75301,
      "col": 3
    },
    {
      "time": 85.93374,
      "col": 0
    },
    {
      "time": 86.02409,
      "col": 1
    },
    {
      "time": 86.114456,
      "col": 2
    },
    {
      "time": 86.29518,
      "col": 3
    },
    {
      "time": 86.65663,
      "col": 0
    },
    {
      "time": 87.10844,
      "col": 1
    },
    {
      "time": 87.46988,
      "col": 2
    },
    {
      "time": 89.909645,
      "col": 3
    },
    {
      "time": 90.27109,
      "col": 0
    },
    {
      "time": 90.36144,
      "col": 1
    },
    {
      "time": 90.451805,
      "col": 2
    },
    {
      "time": 91.1747,
      "col": 3
    },
    {
      "time": 91.35542,
      "col": 0
    },
    {
      "time": 91.445786,
      "col": 1
    },
    {
      "time": 91.71687,
      "col": 2
    },
    {
      "time": 91.89759,
      "col": 3
    },
    {
      "time": 92.078316,
      "col": 0
    },
    {
      "time": 92.16868,
      "col": 1
    },
    {
      "time": 92.25904,
      "col": 2
    },
    {
      "time": 92.439766,
      "col": 3
    },
    {
      "time": 92.80121,
      "col": 0
    },
    {
      "time": 92.89156,
      "col": 1
    },
    {
      "time": 92.981926,
      "col": 2
    },
    {
      "time": 93.343376,
      "col": 3
    },
    {
      "time": 93.5241,
      "col": 0
    },
    {
      "time": 95.69277,
      "col": 1
    },
    {
      "time": 95.783134,
      "col": 2
    },
    {
      "time": 96.05422,
      "col": 3
    },
    {
      "time": 96.23494,
      "col": 0
    },
    {
      "time": 96.415665,
      "col": 1
    },
    {
      "time": 96.50603,
      "col": 2
    },
    {
      "time": 96.777115,
      "col": 3
    },
    {
      "time": 97.13856,
      "col": 0
    },
    {
      "time": 97.22891,
      "col": 1
    },
    {
      "time": 97.319275,
      "col": 2
    },
    {
      "time": 97.5,
      "col": 3
    },
    {
      "time": 97.59036,
      "col": 0
    },
    {
      "time": 97.680725,
      "col": 1
    },
    {
      "time": 97.86145,
      "col": 2
    },
    {
      "time": 97.951805,
      "col": 3
    },
    {
      "time": 98.04217,
      "col": 0
    },
    {
      "time": 98.22289,
      "col": 1
    },
    {
      "time": 98.58434,
      "col": 2
    },
    {
      "time": 98.6747,
      "col": 3
    },
    {
      "time": 98.945786,
      "col": 0
    },
    {
      "time": 99.12651,
      "col": 1
    },
    {
      "time": 99.307236,
      "col": 2
    },
    {
      "time": 99.48795,
      "col": 3
    },
    {
      "time": 99.578316,
      "col": 0
    },
    {
      "time": 99.66868,
      "col": 1
    },
    {
      "time": 99.75903,
      "col": 2
    },
    {
      "time": 100.03012,
      "col": 3
    },
    {
      "time": 100.12048,
      "col": 0
    },
    {
      "time": 100.210846,
      "col": 1
    },
    {
      "time": 101.47591,
      "col": 2
    },
    {
      "time": 101.83736,
      "col": 3
    },
    {
      "time": 101.92771,
      "col": 0
    },
    {
      "time": 102.1988,
      "col": 1
    },
    {
      "time": 102.56024,
      "col": 2
    },
    {
      "time": 102.650604,
      "col": 3
    },
    {
      "time": 102.92169,
      "col": 0
    },
    {
      "time": 103.01205,
      "col": 1
    },
    {
      "time": 103.10241,
      "col": 2
    },
    {
      "time": 103.19277,
      "col": 3
    },
    {
      "time": 103.3735,
      "col": 0
    },
    {
      "time": 103.46386,
      "col": 1
    },
    {
      "time": 103.644585,
      "col": 2
    },
    {
      "time": 103.73494,
      "col": 3
    },
    {
      "time": 103.8253,
      "col": 0
    },
    {
      "time": 104.00603,
      "col": 1
    },
    {
      "time": 104.36748,
      "col": 2
    },
    {
      "time": 104.45783,
      "col": 3
    },
    {
      "time": 104.63856,
      "col": 0
    },
    {
      "time": 104.72892,
      "col": 1
    },
    {
      "time": 104.819275,
      "col": 2
    },
    {
      "time": 105.09036,
      "col": 3
    },
    {
      "time": 105.180725,
      "col": 0
    },
    {
      "time": 105.27109,
      "col": 1
    },
    {
      "time": 105.36145,
      "col": 2
    },
    {
      "time": 105.45181,
      "col": 3
    },
    {
      "time": 105.63253,
      "col": 0
    },
    {
      "time": 105.72289,
      "col": 1
    },
    {
      "time": 105.813255,
      "col": 2
    },
    {
      "time": 106.6265,
      "col": 3
    },
    {
      "time": 107.349396,
      "col": 0
    },
    {
      "time": 108.79518,
      "col": 1
    },
    {
      "time": 109.24699,
      "col": 2
    },
    {
      "time": 109.42771,
      "col": 3
    },
    {
      "time": 109.6988,
      "col": 0
    },
    {
      "time": 110.150604,
      "col": 1
    },
    {
      "time": 110.24097,
      "col": 2
    },
    {
      "time": 110.33133,
      "col": 3
    },
    {
      "time": 110.60241,
      "col": 0
    },
    {
      "time": 111.05422,
      "col": 1
    },
    {
      "time": 117.1988,
      "col": 2
    },
    {
      "time": 117.56024,
      "col": 3
    },
    {
      "time": 117.650604,
      "col": 0
    },
    {
      "time": 117.92169,
      "col": 1
    },
    {
      "time": 118.012054,
      "col": 2
    },
    {
      "time": 118.10242,
      "col": 3
    },
    {
      "time": 118.915665,
      "col": 0
    },
    {
      "time": 119.00603,
      "col": 1
    },
    {
      "time": 119.09639,
      "col": 2
    },
    {
      "time": 119.72892,
      "col": 3
    },
    {
      "time": 120.09036,
      "col": 0
    },
    {
      "time": 120.180725,
      "col": 1
    },
    {
      "time": 120.72289,
      "col": 2
    },
    {
      "time": 124.246994,
      "col": 3
    },
    {
      "time": 124.60844,
      "col": 0
    },
    {
      "time": 125.8735,
      "col": 1
    },
    {
      "time": 125.96386,
      "col": 2
    },
    {
      "time": 126.14458,
      "col": 3
    },
    {
      "time": 126.86747,
      "col": 0
    },
    {
      "time": 127.22891,
      "col": 1
    },
    {
      "time": 127.86145,
      "col": 2
    },
    {
      "time": 127.951805,
      "col": 3
    },
    {
      "time": 131.38554,
      "col": 0
    },
    {
      "time": 131.83736,
      "col": 1
    },
    {
      "time": 131.9277,
      "col": 2
    },
    {
      "time": 132.19879,
      "col": 3
    },
    {
      "time": 133.19278,
      "col": 0
    },
    {
      "time": 133.91566,
      "col": 1
    },
    {
      "time": 134.09639,
      "col": 2
    },
    {
      "time": 135.0,
      "col": 3
    },
    {
      "time": 135.99397,
      "col": 0
    },
    {
      "time": 138.9759,
      "col": 1
    }
  ]
}