{
  "song_id": "i walk this earth all by myself",
  "instrument": "lead",
  "difficulty": "Easy",
  "columns": 4,
  "bpm": 166.0,
  "generated_at": 1768740518,
  "notes": [
    {
      "time": 8.945784,
      "col": 0
    },
    {
      "time": 15.090362,
      "col": 1
    },
    {
      "time": 15.451808,
      "col": 2
    },
    {
      "time": 16.26506,
      "col": 3
    },
    {
      "time": 16.355421,
      "col": 0
    },
    {
      "time": 16.89759,
      "col": 1
    },
    {
      "time": 20.873493,
      "col": 2
    },
    {
      "time": 22.138554,
      "col": 3
    },
    {
      "time": 23.493977,
      "col": 0
    },
    {
      "time": 27.831326,
      "col": 1
    },
    {
      "time": 30.09036,
      "col": 2
    },
    {
      "time": 32.53012,
      "col": 3
    },
    {
      "time": 33.524097,
      "col": 0
    },
    {
      "time": 33.614456,
      "col": 1
    },
    {
      "time": 33.70482,
      "col": 2
    },
    {
      "time": 34.33735,
      "col": 3
    },
    {
      "time": 38.403614,
      "col": 0
    },
    {
      "time": 38.493973,
      "col": 1
    },
    {
      "time": 38.674698,
      "col": 2
    },
    {
      "time": 40.933735,
      "col": 3
    },
    {
      "time": 41.114456,
      "col": 0
    },
    {
      "time": 41.29518,
      "col": 1
    },
    {
      "time": 43.644577,
      "col": 2
    },
    {
      "time": 43.91566,
      "col": 3
    },
    {
      "time": 46.626507,
      "col": 0
    },
    {
      "time": 46.71687,
      "col": 1
    },
    {
      "time": 47.078316,
      "col": 2
    },
    {
      "time": 47.259037,
      "col": 3
    },
    {
      "time": 47.439762,
      "col": 0
    },
    {
      "time": 49.42771,
      "col": 1
    },
    {
      "time": 49.879517,
      "col": 2
    },
    {
      "time": 50.1506,
      "col": 3
    },
    {
      "time": 52.68072,
      "col": 0
    },
    {
      "time": 55.210842,
      "col": 1
    },
    {
      "time": 55.391567,
      "col": 2
    },
    {
      "time": 58.10241,
      "col": 3
    },
    {
      "time": 58.283134,
      "col": 0
    },
    {
      "time": 58.373493,
      "col": 1
    },
    {
      "time": 58.55422,
      "col": 2
    },
    {
      "time": 58.73494,
      "col": 3
    },
    {
      "time": 58.825302,
      "col": 0
    },
    {
      "time": 59.277107,
      "col": 1
    },
    {
      "time": 61.89759,
      "col": 2
    },
    {
      "time": 63.614456,
      "col": 3
    },
    {
      "time": 67.77109,
      "col": 0
    },
    {
      "time": 69.03615,
      "col": 1
    },
    {
      "time": 72.92169,
      "col": 2
    },
    {
      "time": 73.283134,
      "col": 3
    },
    {
      "time": 73.3735,
      "col": 0
    },
    {
      "time": 73.915665,
      "col": 1
    },
    {
      "time": 74.09638,
      "col": 2
    },
    {
      "time": 75.54217,
      "col": 3
    },
    {
      "time": 79.42771,
      "col": 0
    },
    {
      "time": 79.87952,
      "col": 1
    },
    {
      "time": 79.96988,
      "col": 2
    },
    {
      "time": 80.06024,
      "col": 3
    },
    {
      "time": 80.24097,
      "col": 0
    },
    {
      "time": 82.680725,
      "col": 1
    },
    {
      "time": 84.578316,
      "col": 2
    },
    {
      "time": 84.8494,
      "col": 3
    },
    {
      "time": 84.93976,
      "col": 0
    },
    {
      "time": 85.66265,
      "col": 1
    },
    {
      "time": 85.75301,
      "col": 2
    },
    {
      "time": 86.02409,
      "col": 3
    },
    {
      "time": 86.65663,
      "col": 0
    },
    {
      "time": 87.10844,
      "col": 1
    },
    {
      "time": 90.27109,
      "col": 2
    },
    {
      "time": 90.451805,
      "col": 3
    },
    {
      "time": 91.35542,
      "col": 0
    },
    {
      "time": 91.445786,
      "col": 1
    },
    {
      "time": 91.89759,
      "col": 2
    },
    {
      "time": 92.439766,
      "col": 3
    },
    {
      "time": 92.80121,
      "col": 0
    },
    {
      "time": 92.89156,
      "col": 1
    },
    {
      "time": 96.05422,
      "col": 2
    },
    {
      "time": 96.14458,
      "col": 3
    },
    {
      "time": 96.415665,
      "col": 0
    },
    {
      "time": 96.777115,
      "col": 1
    },
    {
      "time": 97.22891,
      "col": 2
    },
    {
      "time": 98.22289,
      "col": 3
    },
    {
      "time": 98.945786,
      "col": 0
    },
    {
      "time": 99.12651,
      "col": 1
    },
    {
      "time": 99.66868,
      "col": 2
    },
    {
      "time": 100.12048,
      "col": 3
    },
    {
      "time": 101.83736,
      "col": 0
    },
    {
      "time": 102.1988,
      "col": 1
    },
    {
      "time": 102.56024,
      "col": 2
    },
    {
      "time": 102.650604,
      "col": 3
    },
    {
      "time": 103.01205,
      "col": 0
    },
    {
      "time": 103.19277,
      "col": 1
    },
    {
      "time": 103.644585,
      "col": 2
    },
    {
      "time": 104.00603,
      "col": 3
    },
    {
      "time": 104.45783,
      "col": 0
    },
    {
      "time": 105.36145,
      "col": 1
    },
    {
      "time": 105.45181,
      "col": 2
    },
    {
      "time": 105.72289,
      "col": 3
    },
    {
      "time": 106.6265,
      "col": 0
    },
    {
      "time": 117.56024,
      "col": 1
    },
    {
      "time": 117.92169,
      "col": 2
    },
    {
      "time": 118.10242,
      "col": 3
    },
    {
      "time": 118.915665,
      "col": 0
    },
    {
      "time": 119.09639,
      "col": 1
    },
    {
      "time": 120.72289,
      "col": 2
    },
    {
      "time": 124.60844,
      "col": 3
    },
    {
      "time": 126.14458,
      "col": 0
    },
    {
      "time": 132.19879,
      "col": 1
    },
    {
      "time": 133.19278,
      "col": 2
    },
    {
      "time": 135.99397,
      "col": 3
    }
  ]
}