{
  "song_id": "i walk this earth all by myself",
  "instrument": "drums",
  "difficulty": "Normal",
  "columns": 4,
  "bpm": 166.0,
  "generated_at": 1768740514,
  "notes": [
    {
      "time": 2.1686747,
      "col": 0
    },
    {
      "time": 3.0722892,
      "col": 1
    },
    {
      "time": 3.4337351,
      "col": 2
    },
    {
      "time": 3.7048192,
      "col": 3
    },
    {
      "time": 3.9759035,
      "col": 0
    },
    {
      "time": 5.0602407,
      "col": 1
    },
    {
      "time": 5.2409635,
      "col": 2
    },
    {
      "time": 5.4216866,
      "col": 3
    },
    {
      "time": 5.6024094,
      "col": 0
    },
    {
      "time": 6.415663,
      "col": 1
    },
    {
      "time": 6.596386,
      "col": 2
    },
    {
      "time": 6.7771087,
      "col": 3
    },
    {
      "time": 6.9578314,
      "col": 0
    },
    {
      "time": 7.3192773,
      "col": 1
    },
    {
      "time": 7.5,
      "col": 2
    },
    {
      "time": 7.861446,
      "col": 3
    },
    {
      "time": 7.951807,
      "col": 0
    },
    {
      "time": 8.222892,
      "col": 1
    },
    {
      "time": 8.403615,
      "col": 2
    },
    {
      "time": 8.584338,
      "col": 3
    },
    {
      "time": 8.945784,
      "col": 0
    },
    {
      "time": 9.307229,
      "col": 1
    },
    {
      "time": 9.487952,
      "col": 2
    },
    {
      "time": 9.668675,
      "col": 3
    },
    {
      "time": 9.849398,
      "col": 0
    },
    {
      "time": 10.210843,
      "col": 1
    },
    {
      "time": 10.753013,
      "col": 2
    },
    {
      "time": 10.933735,
      "col": 3
    },
    {
      "time": 11.114458,
      "col": 0
    },
    {
      "time": 11.295181,
      "col": 1
    },
    {
      "time": 11.475904,
      "col": 2
    },
    {
      "time": 11.83735,
      "col": 3
    },
    {
      "time": 12.198795,
      "col": 0
    },
    {
      "time": 12.560242,
      "col": 1
    },
    {
      "time": 12.740964,
      "col": 2
    },
    {
      "time": 12.921687,
      "col": 3
    },
    {
      "time": 13.10241,
      "col": 0
    },
    {
      "time": 13.825301,
      "col": 1
    },
    {
      "time": 14.006024,
      "col": 2
    },
    {
      "time": 14.186748,
      "col": 3
    },
    {
      "time": 14.367471,
      "col": 0
    },
    {
      "time": 14.728916,
      "col": 1
    },
    {
      "time": 15.090362,
      "col": 2
    },
    {
      "time": 15.180723,
      "col": 3
    },
    {
      "time": 15.271085,
      "col": 0
    },
    {
      "time": 15.451808,
      "col": 1
    },
    {
      "time": 15.542169,
      "col": 2
    },
    {
      "time": 15.63253,
      "col": 3
    },
    {
      "time": 15.813253,
      "col": 0
    },
    {
      "time": 16.26506,
      "col": 1
    },
    {
      "time": 16.355421,
      "col": 2
    },
    {
      "time": 16.536144,
      "col": 3
    },
    {
      "time": 16.89759,
      "col": 0
    },
    {
      "time": 17.078312,
      "col": 1
    },
    {
      "time": 17.168674,
      "col": 2
    },
    {
      "time": 17.259035,
      "col": 3
    },
    {
      "time": 17.620481,
      "col": 0
    },
    {
      "time": 17.710844,
      "col": 1
    },
    {
      "time": 17.981928,
      "col": 2
    },
    {
      "time": 18.16265,
      "col": 3
    },
    {
      "time": 18.524096,
      "col": 0
    },
    {
      "time": 18.704819,
      "col": 1
    },
    {
      "time": 18.885542,
      "col": 2
    },
    {
      "time": 19.42771,
      "col": 3
    },
    {
      "time": 19.789156,
      "col": 0
    },
    {
      "time": 19.96988,
      "col": 1
    },
    {
      "time": 20.150602,
      "col": 2
    },
    {
      "time": 20.512047,
      "col": 3
    },
    {
      "time": 20.873493,
      "col": 0
    },
    {
      "time": 21.054216,
      "col": 1
    },
    {
      "time": 21.23494,
      "col": 2
    },
    {
      "time": 21.415663,
      "col": 3
    },
    {
      "time": 21.777107,
      "col": 0
    },
    {
      "time": 21.86747,
      "col": 1
    },
    {
      "time": 21.95783,
      "col": 2
    },
    {
      "time": 22.138554,
      "col": 3
    },
    {
      "time": 22.5,
      "col": 0
    },
    {
      "time": 22.680723,
      "col": 1
    },
    {
      "time": 22.861444,
      "col": 2
    },
    {
      "time": 22.951807,
      "col": 3
    },
    {
      "time": 23.403614,
      "col": 0
    },
    {
      "time": 23.493977,
      "col": 1
    },
    {
      "time": 23.76506,
      "col": 2
    },
    {
      "time": 23.945782,
      "col": 3
    },
    {
      "time": 24.307228,
      "col": 0
    },
    {
      "time": 24.487951,
      "col": 1
    },
    {
      "time": 24.668674,
      "col": 2
    },
    {
      "time": 25.210842,
      "col": 3
    },
    {
      "time": 25.572289,
      "col": 0
    },
    {
      "time": 25.753012,
      "col": 1
    },
    {
      "time": 25.933735,
      "col": 2
    },
    {
      "time": 26.295181,
      "col": 3
    },
    {
      "time": 26.656626,
      "col": 0
    },
    {
      "time": 26.746988,
      "col": 1
    },
    {
      "time": 26.837349,
      "col": 2
    },
    {
      "time": 27.018072,
      "col": 3
    },
    {
      "time": 27.198795,
      "col": 0
    },
    {
      "time": 27.379519,
      "col": 1
    },
    {
      "time": 27.56024,
      "col": 2
    },
    {
      "time": 27.740963,
      "col": 3
    },
    {
      "time": 27.831326,
      "col": 0
    },
    {
      "time": 28.10241,
      "col": 1
    },
    {
      "time": 28.192772,
      "col": 2
    },
    {
      "time": 28.283133,
      "col": 3
    },
    {
      "time": 28.554216,
      "col": 0
    },
    {
      "time": 28.644577,
      "col": 1
    },
    {
      "time": 28.8253,
      "col": 2
    },
    {
      "time": 29.186747,
      "col": 3
    },
    {
      "time": 29.548193,
      "col": 0
    },
    {
      "time": 29.728914,
      "col": 1
    },
    {
      "time": 29.909637,
      "col": 2
    },
    {
      "time": 30.09036,
      "col": 3
    },
    {
      "time": 30.271084,
      "col": 0
    },
    {
      "time": 30.451807,
      "col": 1
    },
    {
      "time": 30.993975,
      "col": 2
    },
    {
      "time": 31.174698,
      "col": 3
    },
    {
      "time": 31.536144,
      "col": 0
    },
    {
      "time": 31.716867,
      "col": 1
    },
    {
      "time": 32.078312,
      "col": 2
    },
    {
      "time": 32.168674,
      "col": 3
    },
    {
      "time": 32.53012,
      "col": 0
    },
    {
      "time": 33.16265,
      "col": 1
    },
    {
      "time": 33.524097,
      "col": 2
    },
    {
      "time": 33.614456,
      "col": 3
    },
    {
      "time": 33.70482,
      "col": 0
    },
    {
      "time": 33.795177,
      "col": 1
    },
    {
      "time": 33.88554,
      "col": 2
    },
    {
      "time": 34.066265,
      "col": 3
    },
    {
      "time": 34.33735,
      "col": 0
    },
    {
      "time": 34.608433,
      "col": 1
    },
    {
      "time": 35.06024,
      "col": 2
    },
    {
      "time": 36.3253,
      "col": 3
    },
    {
      "time": 37.861446,
      "col": 0
    },
    {
      "time": 37.95181,
      "col": 1
    },
    {
      "time": 38.222893,
      "col": 2
    },
    {
      "time": 38.493973,
      "col": 3
    },
    {
      "time": 38.584335,
      "col": 0
    },
    {
      "time": 38.674698,
      "col": 1
    },
    {
      "time": 38.76506,
      "col": 2
    },
    {
      "time": 39.126507,
      "col": 3
    },
    {
      "time": 39.39759,
      "col": 0
    },
    {
      "time": 39.487953,
      "col": 1
    },
    {
      "time": 39.668674,
      "col": 2
    },
    {
      "time": 39.93976,
      "col": 3
    },
    {
      "time": 40.03012,
      "col": 0
    },
    {
      "time": 40.210846,
      "col": 1
    },
    {
      "time": 40.391567,
      "col": 2
    },
    {
      "time": 40.843372,
      "col": 3
    },
    {
      "time": 40.933735,
      "col": 0
    },
    {
      "time": 41.114456,
      "col": 1
    },
    {
      "time": 41.20482,
      "col": 2
    },
    {
      "time": 41.475903,
      "col": 3
    },
    {
      "time": 41.656628,
      "col": 0
    },
    {
      "time": 41.83735,
      "col": 1
    },
    {
      "time": 42.018074,
      "col": 2
    },
    {
      "time": 42.740967,
      "col": 3
    },
    {
      "time": 42.921688,
      "col": 0
    },
    {
      "time": 43.10241,
      "col": 1
    },
    {
      "time": 43.28313,
      "col": 2
    },
    {
      "time": 43.825302,
      "col": 3
    },
    {
      "time": 43.91566,
      "col": 0
    },
    {
      "time": 44.006023,
      "col": 1
    },
    {
      "time": 44.36747,
      "col": 2
    },
    {
      "time": 44.548195,
      "col": 3
    },
    {
      "time": 44.728916,
      "col": 0
    },
    {
      "time": 44.90964,
      "col": 1
    },
    {
      "time": 45.63253,
      "col": 2
    },
    {
      "time": 45.72289,
      "col": 3
    },
    {
      "time": 45.81325,
      "col": 0
    },
    {
      "time": 45.993977,
      "col": 1
    },
    {
      "time": 46.536144,
      "col": 2
    },
    {
      "time": 46.626507,
      "col": 3
    },
    {
      "time": 46.807228,
      "col": 0
    },
    {
      "time": 47.078316,
      "col": 1
    },
    {
      "time": 47.168674,
      "col": 2
    },
    {
      "time": 47.259037,
      "col": 3
    },
    {
      "time": 47.53012,
      "col": 0
    },
    {
      "time": 47.620483,
      "col": 1
    },
    {
      "time": 47.801205,
      "col": 2
    },
    {
      "time": 48.524097,
      "col": 3
    },
    {
      "time": 48.70482,
      "col": 0
    },
    {
      "time": 48.885544,
      "col": 1
    },
    {
      "time": 49.066265,
      "col": 2
    },
    {
      "time": 49.518074,
      "col": 3
    },
    {
      "time": 49.608437,
      "col": 0
    },
    {
      "time": 49.789158,
      "col": 1
    },
    {
      "time": 49.879517,
      "col": 2
    },
    {
      "time": 49.96988,
      "col": 3
    },
    {
      "time": 50.1506,
      "col": 0
    },
    {
      "time": 50.331326,
      "col": 1
    },
    {
      "time": 50.512047,
      "col": 2
    },
    {
      "time": 50.963856,
      "col": 3
    },
    {
      "time": 51.23494,
      "col": 0
    },
    {
      "time": 51.415665,
      "col": 1
    },
    {
      "time": 51.596386,
      "col": 2
    },
    {
      "time": 51.957832,
      "col": 3
    },
    {
      "time": 52.31928,
      "col": 0
    },
    {
      "time": 52.409637,
      "col": 1
    },
    {
      "time": 52.68072,
      "col": 2
    },
    {
      "time": 52.951805,
      "col": 3
    },
    {
      "time": 53.042168,
      "col": 0
    },
    {
      "time": 53.222893,
      "col": 1
    },
    {
      "time": 53.403614,
      "col": 2
    },
    {
      "time": 54.126507,
      "col": 3
    },
    {
      "time": 54.30723,
      "col": 0
    },
    {
      "time": 54.487953,
      "col": 1
    },
    {
      "time": 54.668674,
      "col": 2
    },
    {
      "time": 55.210842,
      "col": 3
    },
    {
      "time": 55.301205,
      "col": 0
    },
    {
      "time": 55.391567,
      "col": 1
    },
    {
      "time": 55.57229,
      "col": 2
    },
    {
      "time": 55.753014,
      "col": 3
    },
    {
      "time": 55.933735,
      "col": 0
    },
    {
      "time": 56.11446,
      "col": 1
    },
    {
      "time": 56.475906,
      "col": 2
    },
    {
      "time": 56.656628,
      "col": 3
    },
    {
      "time": 56.83735,
      "col": 0
    },
    {
      "time": 57.01807,
      "col": 1
    },
    {
      "time": 57.289154,
      "col": 2
    },
    {
      "time": 57.379517,
      "col": 3
    },
    {
      "time": 57.56024,
      "col": 0
    },
    {
      "time": 57.740963,
      "col": 1
    },
    {
      "time": 58.192772,
      "col": 2
    },
    {
      "time": 58.283134,
      "col": 3
    },
    {
      "time": 58.373493,
      "col": 0
    },
    {
      "time": 58.463856,
      "col": 1
    },
    {
      "time": 58.55422,
      "col": 2
    },
    {
      "time": 58.64458,
      "col": 3
    },
    {
      "time": 58.73494,
      "col": 0
    },
    {
      "time": 58.825302,
      "col": 1
    },
    {
      "time": 59.006027,
      "col": 2
    },
    {
      "time": 59.18675,
      "col": 3
    },
    {
      "time": 59.36747,
      "col": 0
    },
    {
      "time": 60.090363,
      "col": 1
    },
    {
      "time": 60.271084,
      "col": 2
    },
    {
      "time": 60.45181,
      "col": 3
    },
    {
      "time": 60.993977,
      "col": 0
    },
    {
      "time": 61.08434,
      "col": 1
    },
    {
      "time": 61.355423,
      "col": 2
    },
    {
      "time": 61.536144,
      "col": 3
    },
    {
      "time": 61.89759,
      "col": 0
    },
    {
      "time": 62.078312,
      "col": 1
    },
    {
      "time": 62.259037,
      "col": 2
    },
    {
      "time": 62.801205,
      "col": 3
    },
    {
      "time": 62.98193,
      "col": 0
    },
    {
      "time": 63.16265,
      "col": 1
    },
    {
      "time": 63.343376,
      "col": 2
    },
    {
      "time": 63.614456,
      "col": 3
    },
    {
      "time": 63.88554,
      "col": 0
    },
    {
      "time": 63.975903,
      "col": 1
    },
    {
      "time": 64.42771,
      "col": 2
    },
    {
      "time": 64.60844,
      "col": 3
    },
    {
      "time": 64.78916,
      "col": 0
    },
    {
      "time": 64.96989,
      "col": 1
    },
    {
      "time": 65.69277,
      "col": 2
    },
    {
      "time": 65.8735,
      "col": 3
    },
    {
      "time": 66.05422,
      "col": 0
    },
    {
      "time": 66.23494,
      "col": 1
    },
    {
      "time": 66.777115,
      "col": 2
    },
    {
      "time": 66.86747,
      "col": 3
    },
    {
      "time": 67.13856,
      "col": 0
    },
    {
      "time": 67.22891,
      "col": 1
    },
    {
      "time": 67.5,
      "col": 2
    },
    {
      "time": 67.680725,
      "col": 3
    },
    {
      "time": 67.77109,
      "col": 0
    },
    {
      "time": 67.86145,
      "col": 1
    },
    {
      "time": 68.22289,
      "col": 2
    },
    {
      "time": 68.58434,
      "col": 3
    },
    {
      "time": 68.6747,
      "col": 0
    },
    {
      "time": 68.945786,
      "col": 1
    },
    {
      "time": 69.03615,
      "col": 2
    },
    {
      "time": 69.12651,
      "col": 3
    },
    {
      "time": 69.307236,
      "col": 0
    },
    {
      "time": 69.75903,
      "col": 1
    },
    {
      "time": 69.849396,
      "col": 2
    },
    {
      "time": 70.03012,
      "col": 3
    },
    {
      "time": 70.39157,
      "col": 0
    },
    {
      "time": 70.57229,
      "col": 1
    },
    {
      "time": 70.75301,
      "col": 2
    },
    {
      "time": 70.93374,
      "col": 3
    },
    {
      "time": 71.47591,
      "col": 0
    },
    {
      "time": 71.65663,
      "col": 1
    },
    {
      "time": 71.83736,
      "col": 2
    },
    {
      "time": 72.018074,
      "col": 3
    },
    {
      "time": 72.56024,
      "col": 0
    },
    {
      "time": 72.650604,
      "col": 1
    },
    {
      "time": 72.92169,
      "col": 2
    },
    {
      "time": 73.10241,
      "col": 3
    },
    {
      "time": 73.283134,
      "col": 0
    },
    {
      "time": 73.3735,
      "col": 1
    },
    {
      "time": 73.644585,
      "col": 2
    },
    {
      "time": 73.8253,
      "col": 3
    },
    {
      "time": 73.915665,
      "col": 0
    },
    {
      "time": 74.09638,
      "col": 1
    },
    {
      "time": 74.186745,
      "col": 2
    },
    {
      "time": 74.36747,
      "col": 3
    },
    {
      "time": 74.63856,
      "col": 0
    },
    {
      "time": 74.72892,
      "col": 1
    },
    {
      "time": 74.90964,
      "col": 2
    },
    {
      "time": 75.09036,
      "col": 3
    },
    {
      "time": 75.54217,
      "col": 0
    },
    {
      "time": 75.63253,
      "col": 1
    },
    {
      "time": 75.813255,
      "col": 2
    },
    {
      "time": 75.99398,
      "col": 3
    },
    {
      "time": 76.35542,
      "col": 0
    },
    {
      "time": 76.53615,
      "col": 1
    },
    {
      "time": 76.716866,
      "col": 2
    },
    {
      "time": 77.25904,
      "col": 3
    },
    {
      "time": 77.43976,
      "col": 0
    },
    {
      "time": 77.62048,
      "col": 1
    },
    {
      "time": 77.80121,
      "col": 2
    },
    {
      "time": 78.43374,
      "col": 3
    },
    {
      "time": 78.79518,
      "col": 0
    },
    {
      "time": 79.42771,
      "col": 1
    },
    {
      "time": 79.78916,
      "col": 2
    },
    {
      "time": 79.96988,
      "col": 3
    },
    {
      "time": 80.06024,
      "col": 0
    },
    {
      "time": 80.24097,
      "col": 1
    },
    {
      "time": 80.512054,
      "col": 2
    },
    {
      "time": 80.8735,
      "col": 3
    },
    {
      "time": 81.3253,
      "col": 0
    },
    {
      "time": 82.680725,
      "col": 1
    },
    {
      "time": 84.12651,
      "col": 2
    },
    {
      "time": 84.216866,
      "col": 3
    },
    {
      "time": 84.48795,
      "col": 0
    },
    {
      "time": 84.66868,
      "col": 1
    },
    {
      "time": 84.8494,
      "col": 2
    },
    {
      "time": 84.93976,
      "col": 3
    },
    {
      "time": 85.210846,
      "col": 0
    },
    {
      "time": 85.39157,
      "col": 1
    },
    {
      "time": 85.572296,
      "col": 2
    },
    {
      "time": 85.66265,
      "col": 3
    },
    {
      "time": 85.93374,
      "col": 0
    },
    {
      "time": 86.02409,
      "col": 1
    },
    {
      "time": 86.114456,
      "col": 2
    },
    {
      "time": 86.29518,
      "col": 3
    },
    {
      "time": 86.65663,
      "col": 0
    },
    {
      "time": 87.018074,
      "col": 1
    },
    {
      "time": 87.10844,
      "col": 2
    },
    {
      "time": 87.56024,
      "col": 3
    },
    {
      "time": 87.74097,
      "col": 0
    },
    {
      "time": 87.92169,
      "col": 1
    },
    {
      "time": 88.10242,
      "col": 2
    },
    {
      "time": 88.8253,
      "col": 3
    },
    {
      "time": 89.00603,
      "col": 0
    },
    {
      "time": 89.18675,
      "col": 1
    },
    {
      "time": 89.36747,
      "col": 2
    },
    {
      "time": 89.909645,
      "col": 3
    },
    {
      "time": 90.27109,
      "col": 0
    },
    {
      "time": 90.36144,
      "col": 1
    },
    {
      "time": 90.63253,
      "col": 2
    },
    {
      "time": 90.813255,
      "col": 3
    },
    {
      "time": 90.99398,
      "col": 0
    },
    {
      "time": 91.1747,
      "col": 1
    },
    {
      "time": 91.35542,
      "col": 2
    },
    {
      "time": 91.445786,
      "col": 3
    },
    {
      "time": 91.71687,
      "col": 0
    },
    {
      "time": 91.89759,
      "col": 1
    },
    {
      "time": 92.078316,
      "col": 2
    },
    {
      "time": 92.16868,
      "col": 3
    },
    {
      "time": 92.25904,
      "col": 0
    },
    {
      "time": 92.80121,
      "col": 1
    },
    {
      "time": 92.89156,
      "col": 2
    },
    {
      "time": 92.981926,
      "col": 3
    },
    {
      "time": 93.343376,
      "col": 0
    },
    {
      "time": 93.5241,
      "col": 1
    },
    {
      "time": 93.70482,
      "col": 2
    },
    {
      "time": 93.885544,
      "col": 3
    },
    {
      "time": 94.60844,
      "col": 0
    },
    {
      "time": 94.78916,
      "col": 1
    },
    {
      "time": 94.96989,
      "col": 2
    },
    {
      "time": 95.150604,
      "col": 3
    },
    {
      "time": 95.69277,
      "col": 0
    },
    {
      "time": 95.783134,
      "col": 1
    },
    {
      "time": 96.05422,
      "col": 2
    },
    {
      "time": 96.23494,
      "col": 3
    },
    {
      "time": 96.415665,
      "col": 0
    },
    {
      "time": 96.50603,
      "col": 1
    },
    {
      "time": 96.59639,
      "col": 2
    },
    {
      "time": 96.95783,
      "col": 3
    },
    {
      "time": 97.13856,
      "col": 0
    },
    {
      "time": 97.22891,
      "col": 1
    },
    {
      "time": 97.5,
      "col": 2
    },
    {
      "time": 97.59036,
      "col": 3
    },
    {
      "time": 97.680725,
      "col": 0
    },
    {
      "time": 97.951805,
      "col": 1
    },
    {
      "time": 98.04217,
      "col": 2
    },
    {
      "time": 98.22289,
      "col": 3
    },
    {
      "time": 98.58434,
      "col": 0
    },
    {
      "time": 98.945786,
      "col": 1
    },
    {
      "time": 99.12651,
      "col": 2
    },
    {
      "time": 99.307236,
      "col": 3
    },
    {
      "time": 99.48795,
      "col": 0
    },
    {
      "time": 99.849396,
      "col": 1
    },
    {
      "time": 100.03012,
      "col": 2
    },
    {
      "time": 100.12048,
      "col": 3
    },
    {
      "time": 100.39157,
      "col": 0
    },
    {
      "time": 100.75301,
      "col": 1
    },
    {
      "time": 100.93374,
      "col": 2
    },
    {
      "time": 101.11446,
      "col": 3
    },
    {
      "time": 101.47591,
      "col": 0
    },
    {
      "time": 101.83736,
      "col": 1
    },
    {
      "time": 102.018074,
      "col": 2
    },
    {
      "time": 102.1988,
      "col": 3
    },
    {
      "time": 102.37952,
      "col": 0
    },
    {
      "time": 102.650604,
      "col": 1
    },
    {
      "time": 102.74097,
      "col": 2
    },
    {
      "time": 103.01205,
      "col": 3
    },
    {
      "time": 103.19277,
      "col": 0
    },
    {
      "time": 103.283134,
      "col": 1
    },
    {
      "time": 103.3735,
      "col": 2
    },
    {
      "time": 103.46386,
      "col": 3
    },
    {
      "time": 103.8253,
      "col": 0
    },
    {
      "time": 104.00603,
      "col": 1
    },
    {
      "time": 104.36748,
      "col": 2
    },
    {
      "time": 104.45783,
      "col": 3
    },
    {
      "time": 104.72892,
      "col": 0
    },
    {
      "time": 104.819275,
      "col": 1
    },
    {
      "time": 104.90964,
      "col": 2
    },
    {
      "time": 105.09036,
      "col": 3
    },
    {
      "time": 105.27109,
      "col": 0
    },
    {
      "time": 105.36145,
      "col": 1
    },
    {
      "time": 105.45181,
      "col": 2
    },
    {
      "time": 105.63253,
      "col": 3
    },
    {
      "time": 105.813255,
      "col": 0
    },
    {
      "time": 106.174706,
      "col": 1
    },
    {
      "time": 106.35542,
      "col": 2
    },
    {
      "time": 106.53615,
      "col": 3
    },
    {
      "time": 106.716866,
      "col": 0
    },
    {
      "time": 106.89759,
      "col": 1
    },
    {
      "time": 107.25904,
      "col": 2
    },
    {
      "time": 107.349396,
      "col": 3
    },
    {
      "time": 108.79518,
      "col": 0
    },
    {
      "time": 109.24699,
      "col": 1
    },
    {
      "time": 110.150604,
      "col": 2
    },
    {
      "time": 110.24097,
      "col": 3
    },
    {
      "time": 110.60241,
      "col": 0
    },
    {
      "time": 117.10844,
      "col": 1
    },
    {
      "time": 117.28916,
      "col": 2
    },
    {
      "time": 117.56024,
      "col": 3
    },
    {
      "time": 117.650604,
      "col": 0
    },
    {
      "time": 117.74097,
      "col": 1
    },
    {
      "time": 118.012054,
      "col": 2
    },
    {
      "time": 118.10242,
      "col": 3
    },
    {
      "time": 118.19277,
      "col": 0
    },
    {
      "time": 118.3735,
      "col": 1
    },
    {
      "time": 118.915665,
      "col": 2
    },
    {
      "time": 119.00603,
      "col": 3
    },
    {
      "time": 119.09639,
      "col": 0
    },
    {
      "time": 119.45783,
      "col": 1
    },
    {
      "time": 119.548195,
      "col": 2
    },
    {
      "time": 119.72892,
      "col": 3
    },
    {
      "time": 120.0,
      "col": 0
    },
    {
      "time": 120.180725,
      "col": 1
    },
    {
      "time": 120.63253,
      "col": 2
    },
    {
      "time": 120.72289,
      "col": 3
    },
    {
      "time": 120.90362,
      "col": 0
    },
    {
      "time": 121.26506,
      "col": 1
    },
    {
      "time": 121.53615,
      "col": 2
    },
    {
      "time": 121.71687,
      "col": 3
    },
    {
      "time": 121.98795,
      "col": 0
    },
    {
      "time": 122.89156,
      "col": 1
    },
    {
      "time": 123.07229,
      "col": 2
    },
    {
      "time": 123.25301,
      "col": 3
    },
    {
      "time": 123.5241,
      "col": 0
    },
    {
      "time": 124.15663,
      "col": 1
    },
    {
      "time": 124.246994,
      "col": 2
    },
    {
      "time": 124.60844,
      "col": 3
    },
    {
      "time": 124.879524,
      "col": 0
    },
    {
      "time": 125.33133,
      "col": 1
    },
    {
      "time": 125.51205,
      "col": 2
    },
    {
      "time": 125.69277,
      "col": 3
    },
    {
      "time": 125.8735,
      "col": 0
    },
    {
      "time": 126.05422,
      "col": 1
    },
    {
      "time": 126.14458,
      "col": 2
    },
    {
      "time": 126.415665,
      "col": 3
    },
    {
      "time": 126.59639,
      "col": 0
    },
    {
      "time": 126.86747,
      "col": 1
    },
    {
      "time": 127.048195,
      "col": 2
    },
    {
      "time": 127.13856,
      "col": 3
    },
    {
      "time": 127.22891,
      "col": 0
    },
    {
      "time": 127.77109,
      "col": 1
    },
    {
      "time": 127.86145,
      "col": 2
    },
    {
      "time": 128.22289,
      "col": 3
    },
    {
      "time": 128.40361,
      "col": 0
    },
    {
      "time": 128.85542,
      "col": 1
    },
    {
      "time": 129.03615,
      "col": 2
    },
    {
      "time": 129.30724,
      "col": 3
    },
    {
      "time": 129.93976,
      "col": 0
    },
    {
      "time": 130.39157,
      "col": 1
    },
    {
      "time": 130.66266,
      "col": 2
    },
    {
      "time": 130.84337,
      "col": 3
    },
    {
      "time": 131.29518,
      "col": 0
    },
    {
      "time": 131.747,
      "col": 1
    },
    {
      "time": 131.83736,
      "col": 2
    },
    {
      "time": 131.9277,
      "col": 3
    },
    {
      "time": 132.19879,
      "col": 0
    },
    {
      "time": 132.37952,
      "col": 1
    },
    {
      "time": 132.6506,
      "col": 2
    },
    {
      "time": 132.83133,
      "col": 3
    },
    {
      "time": 133.10242,
      "col": 0
    },
    {
      "time": 133.19278,
      "col": 1
    },
    {
      "time": 133.55421,
      "col": 2
    },
    {
      "time": 133.64458,
      "col": 3
    },
    {
      "time": 133.73494,
      "col": 0
    },
    {
      "time": 134.09639,
      "col": 1
    },
    {
      "time": 134.18675,
      "col": 2
    },
    {
      "time": 134.36748,
      "col": 3
    },
    {
      "time": 134.81927,
      "col": 0
    },
    {
      "time": 135.0,
      "col": 1
    },
    {
      "time": 135.27109,
      "col": 2
    },
    {
      "time": 135.54218,
      "col": 3
    },
    {
      "time": 135.7229,
      "col": 0
    },
    {
      "time": 135.99397,
      "col": 1
    },
    {
      "time": 136.1747,
      "col": 2
    },
    {
      "time": 136.35542,
      "col": 3
    },
    {
      "time": 137.07831,
      "col": 0
    },
    {
      "time": 137.53012,
      "col": 1
    },
    {
      "time": 137.71085,
      "col": 2
    },
    {
      "time": 137.98193,
      "col": 3
    },
    {
      "time": 138.43373,
      "col": 0
    }
  ]
}