{
  "song_id": "Paradisus-Paradoxum",
  "instrument": "vocals",
  "difficulty": "Easy",
  "columns": 4,
  "bpm": 151.52994,
  "generated_at": 1768732726,
  "notes": [
    {
      "time": 8.018217,
      "col": 0
    },
    {
      "time": 10.097014,
      "col": 1
    },
    {
      "time": 10.492976,
      "col": 2
    },
    {
      "time": 10.789947,
      "col": 3
    },
    {
      "time": 11.284899,
      "col": 0
    },
    {
      "time": 12.670763,
      "col": 1
    },
    {
      "time": 12.868744,
      "col": 2
    },
    {
      "time": 13.363696,
      "col": 3
    },
    {
      "time": 13.858647,
      "col": 0
    },
    {
      "time": 14.155619,
      "col": 1
    },
    {
      "time": 14.65057,
      "col": 2
    },
    {
      "time": 15.541483,
      "col": 3
    },
    {
      "time": 15.838453,
      "col": 0
    },
    {
      "time": 16.432396,
      "col": 1
    },
    {
      "time": 17.026339,
      "col": 2
    },
    {
      "time": 17.62028,
      "col": 3
    },
    {
      "time": 18.412203,
      "col": 0
    },
    {
      "time": 19.006145,
      "col": 1
    },
    {
      "time": 19.600086,
      "col": 2
    },
    {
      "time": 20.095037,
      "col": 3
    },
    {
      "time": 20.68898,
      "col": 0
    },
    {
      "time": 20.886961,
      "col": 1
    },
    {
      "time": 21.777874,
      "col": 2
    },
    {
      "time": 22.569798,
      "col": 3
    },
    {
      "time": 22.965757,
      "col": 0
    },
    {
      "time": 23.460709,
      "col": 1
    },
    {
      "time": 23.75768,
      "col": 2
    },
    {
      "time": 25.440516,
      "col": 3
    },
    {
      "time": 34.250656,
      "col": 0
    },
    {
      "time": 34.646614,
      "col": 1
    },
    {
      "time": 34.844597,
      "col": 2
    },
    {
      "time": 35.8345,
      "col": 3
    },
    {
      "time": 39.695126,
      "col": 0
    },
    {
      "time": 40.190075,
      "col": 1
    },
    {
      "time": 40.982,
      "col": 2
    },
    {
      "time": 41.575943,
      "col": 3
    },
    {
      "time": 42.070892,
      "col": 0
    },
    {
      "time": 42.466854,
      "col": 1
    },
    {
      "time": 43.357765,
      "col": 2
    },
    {
      "time": 43.65474,
      "col": 3
    },
    {
      "time": 44.54565,
      "col": 0
    },
    {
      "time": 45.139595,
      "col": 1
    },
    {
      "time": 45.733532,
      "col": 2
    },
    {
      "time": 46.327477,
      "col": 3
    },
    {
      "time": 46.72344,
      "col": 0
    },
    {
      "time": 47.02041,
      "col": 1
    },
    {
      "time": 47.71334,
      "col": 2
    },
    {
      "time": 49.89113,
      "col": 3
    },
    {
      "time": 50.1881,
      "col": 0
    },
    {
      "time": 51.178005,
      "col": 1
    },
    {
      "time": 51.96993,
      "col": 2
    },
    {
      "time": 52.2669,
      "col": 3
    },
    {
      "time": 53.45478,
      "col": 0
    },
    {
      "time": 54.345695,
      "col": 1
    },
    {
      "time": 54.642666,
      "col": 2
    },
    {
      "time": 55.63257,
      "col": 3
    },
    {
      "time": 56.3255,
      "col": 0
    },
    {
      "time": 56.721462,
      "col": 1
    },
    {
      "time": 57.315403,
      "col": 2
    },
    {
      "time": 57.909348,
      "col": 3
    },
    {
      "time": 58.206318,
      "col": 0
    },
    {
      "time": 59.98814,
      "col": 1
    },
    {
      "time": 60.978046,
      "col": 2
    },
    {
      "time": 61.176025,
      "col": 3
    },
    {
      "time": 61.67098,
      "col": 0
    },
    {
      "time": 62.36391,
      "col": 1
    },
    {
      "time": 62.759872,
      "col": 2
    },
    {
      "time": 63.254826,
      "col": 3
    },
    {
      "time": 63.749775,
      "col": 0
    },
    {
      "time": 64.046745,
      "col": 1
    },
    {
      "time": 64.83868,
      "col": 2
    },
    {
      "time": 65.43261,
      "col": 3
    },
    {
      "time": 65.72958,
      "col": 0
    },
    {
      "time": 66.323524,
      "col": 1
    },
    {
      "time": 67.11545,
      "col": 2
    },
    {
      "time": 67.31343,
      "col": 3
    },
    {
      "time": 68.00636,
      "col": 0
    },
    {
      "time": 68.89727,
      "col": 1
    },
    {
      "time": 69.293236,
      "col": 2
    },
    {
      "time": 70.48112,
      "col": 3
    },
    {
      "time": 71.570015,
      "col": 0
    },
    {
      "time": 72.26295,
      "col": 1
    },
    {
      "time": 72.85689,
      "col": 2
    },
    {
      "time": 73.252846,
      "col": 3
    },
    {
      "time": 73.45083,
      "col": 0
    },
    {
      "time": 73.945786,
      "col": 1
    },
    {
      "time": 74.04477,
      "col": 2
    },
    {
      "time": 74.935684,
      "col": 3
    },
    {
      "time": 75.8266,
      "col": 0
    },
    {
      "time": 76.12357,
      "col": 1
    },
    {
      "time": 76.717514,
      "col": 2
    },
    {
      "time": 77.311455,
      "col": 3
    },
    {
      "time": 77.70741,
      "col": 0
    },
    {
      "time": 78.20237,
      "col": 1
    },
    {
      "time": 79.093285,
      "col": 2
    },
    {
      "time": 79.588234,
      "col": 3
    },
    {
      "time": 80.281166,
      "col": 0
    },
    {
      "time": 80.677124,
      "col": 1
    },
    {
      "time": 81.17207,
      "col": 2
    },
    {
      "time": 81.46905,
      "col": 3
    },
    {
      "time": 82.16198,
      "col": 0
    },
    {
      "time": 82.65694,
      "col": 1
    },
    {
      "time": 83.052895,
      "col": 2
    },
    {
      "time": 83.547844,
      "col": 3
    },
    {
      "time": 84.240776,
      "col": 0
    },
    {
      "time": 85.0327,
      "col": 1
    },
    {
      "time": 85.923615,
      "col": 2
    },
    {
      "time": 86.31957,
      "col": 3
    },
    {
      "time": 87.01251,
      "col": 0
    },
    {
      "time": 87.507454,
      "col": 1
    },
    {
      "time": 87.80443,
      "col": 2
    },
    {
      "time": 88.59635,
      "col": 3
    },
    {
      "time": 88.99232,
      "col": 0
    },
    {
      "time": 89.19029,
      "col": 1
    },
    {
      "time": 91.26909,
      "col": 2
    },
    {
      "time": 91.665054,
      "col": 3
    },
    {
      "time": 91.96202,
      "col": 0
    },
    {
      "time": 92.852936,
      "col": 1
    },
    {
      "time": 93.64486,
      "col": 2
    },
    {
      "time": 94.040825,
      "col": 3
    },
    {
      "time": 95.129715,
      "col": 0
    },
    {
      "time": 95.723656,
      "col": 1
    },
    {
      "time": 96.02063,
      "col": 2
    },
    {
      "time": 96.41659,
      "col": 3
    },
    {
      "time": 97.10952,
      "col": 0
    },
    {
      "time": 97.406494,
      "col": 1
    },
    {
      "time": 98.09943,
      "col": 2
    },
    {
      "time": 98.69337,
      "col": 3
    },
    {
      "time": 99.089325,
      "col": 0
    },
    {
      "time": 100.67317,
      "col": 1
    },
    {
      "time": 101.86105,
      "col": 2
    },
    {
      "time": 102.15803,
      "col": 3
    },
    {
      "time": 103.34591,
      "col": 0
    },
    {
      "time": 104.83077,
      "col": 1
    },
    {
      "time": 105.325714,
      "col": 2
    },
    {
      "time": 105.72168,
      "col": 3
    },
    {
      "time": 106.612595,
      "col": 0
    },
    {
      "time": 106.81058,
      "col": 1
    },
    {
      "time": 107.50351,
      "col": 2
    },
    {
      "time": 107.89947,
      "col": 3
    },
    {
      "time": 108.394424,
      "col": 0
    },
    {
      "time": 108.69139,
      "col": 1
    },
    {
      "time": 109.38432,
      "col": 2
    },
    {
      "time": 109.582306,
      "col": 3
    },
    {
      "time": 110.47321,
      "col": 0
    },
    {
      "time": 111.06716,
      "col": 1
    },
    {
      "time": 111.36413,
      "col": 2
    },
    {
      "time": 112.15605,
      "col": 3
    },
    {
      "time": 112.84898,
      "col": 0
    },
    {
      "time": 113.24494,
      "col": 1
    },
    {
      "time": 113.64091,
      "col": 2
    },
    {
      "time": 114.13586,
      "col": 3
    },
    {
      "time": 114.33384,
      "col": 0
    },
    {
      "time": 115.02677,
      "col": 1
    },
    {
      "time": 115.62071,
      "col": 2
    },
    {
      "time": 115.818695,
      "col": 3
    },
    {
      "time": 116.80859,
      "col": 0
    },
    {
      "time": 117.30355,
      "col": 1
    },
    {
      "time": 117.69951,
      "col": 2
    },
    {
      "time": 118.49143,
      "col": 3
    },
    {
      "time": 118.98639,
      "col": 0
    },
    {
      "time": 119.48134,
      "col": 1
    },
    {
      "time": 120.372246,
      "col": 2
    },
    {
      "time": 120.8672,
      "col": 3
    },
    {
      "time": 121.16417,
      "col": 0
    },
    {
      "time": 122.154076,
      "col": 1
    },
    {
      "time": 122.64903,
      "col": 2
    },
    {
      "time": 123.04499,
      "col": 3
    },
    {
      "time": 123.44095,
      "col": 0
    },
    {
      "time": 123.73792,
      "col": 1
    },
    {
      "time": 124.33186,
      "col": 2
    },
    {
      "time": 125.61874,
      "col": 3
    },
    {
      "time": 126.0147,
      "col": 0
    },
    {
      "time": 126.60864,
      "col": 1
    },
    {
      "time": 127.20258,
      "col": 2
    },
    {
      "time": 127.59854,
      "col": 3
    },
    {
      "time": 128.09349,
      "col": 0
    },
    {
      "time": 128.88542,
      "col": 1
    },
    {
      "time": 129.28139,
      "col": 2
    },
    {
      "time": 129.77632,
      "col": 3
    },
    {
      "time": 130.46927,
      "col": 0
    },
    {
      "time": 130.76622,
      "col": 1
    },
    {
      "time": 131.16219,
      "col": 2
    },
    {
      "time": 131.65715,
      "col": 3
    },
    {
      "time": 131.85513,
      "col": 0
    },
    {
      "time": 132.94402,
      "col": 1
    },
    {
      "time": 134.72585,
      "col": 2
    },
    {
      "time": 134.92383,
      "col": 3
    },
    {
      "time": 135.61676,
      "col": 0
    },
    {
      "time": 136.50768,
      "col": 1
    },
    {
      "time": 136.90363,
      "col": 2
    },
    {
      "time": 137.59657,
      "col": 3
    },
    {
      "time": 137.89352,
      "col": 0
    },
    {
      "time": 138.38849,
      "col": 1
    },
    {
      "time": 139.18042,
      "col": 2
    },
    {
      "time": 148.68349,
      "col": 3
    },
    {
      "time": 148.88147,
      "col": 0
    },
    {
      "time": 149.4754,
      "col": 1
    },
    {
      "time": 150.06935,
      "col": 2
    },
    {
      "time": 150.26733,
      "col": 3
    },
    {
      "time": 150.76228,
      "col": 0
    },
    {
      "time": 151.35622,
      "col": 1
    },
    {
      "time": 151.6532,
      "col": 2
    },
    {
      "time": 152.14815,
      "col": 3
    },
    {
      "time": 152.74208,
      "col": 0
    },
    {
      "time": 152.84108,
      "col": 1
    },
    {
      "time": 153.43503,
      "col": 2
    },
    {
      "time": 154.02896,
      "col": 3
    },
    {
      "time": 154.52391,
      "col": 0
    },
    {
      "time": 155.11786,
      "col": 1
    },
    {
      "time": 156.00877,
      "col": 2
    },
    {
      "time": 156.20676,
      "col": 3
    },
    {
      "time": 156.89967,
      "col": 0
    },
    {
      "time": 157.6916,
      "col": 1
    },
    {
      "time": 157.7906,
      "col": 2
    },
    {
      "time": 158.18655,
      "col": 3
    },
    {
      "time": 158.97849,
      "col": 0
    },
    {
      "time": 159.37445,
      "col": 1
    },
    {
      "time": 159.86938,
      "col": 2
    },
    {
      "time": 160.7603,
      "col": 3
    },
    {
      "time": 160.95828,
      "col": 0
    },
    {
      "time": 161.35425,
      "col": 1
    },
    {
      "time": 161.9482,
      "col": 2
    },
    {
      "time": 162.24516,
      "col": 3
    },
    {
      "time": 162.64111,
      "col": 0
    },
    {
      "time": 163.33406,
      "col": 1
    },
    {
      "time": 163.928,
      "col": 2
    },
    {
      "time": 164.81891,
      "col": 3
    },
    {
      "time": 165.41284,
      "col": 0
    },
    {
      "time": 165.61082,
      "col": 1
    },
    {
      "time": 166.30377,
      "col": 2
    },
    {
      "time": 166.99669,
      "col": 3
    },
    {
      "time": 167.19467,
      "col": 0
    },
    {
      "time": 168.38255,
      "col": 1
    },
    {
      "time": 168.67953,
      "col": 2
    },
    {
      "time": 168.9765,
      "col": 3
    },
    {
      "time": 169.86742,
      "col": 0
    },
    {
      "time": 170.26338,
      "col": 1
    },
    {
      "time": 170.65933,
      "col": 2
    },
    {
      "time": 171.74823,
      "col": 3
    },
    {
      "time": 172.24318,
      "col": 0
    },
    {
      "time": 172.44116,
      "col": 1
    },
    {
      "time": 172.93611,
      "col": 2
    },
    {
      "time": 173.82703,
      "col": 3
    },
    {
      "time": 174.02501,
      "col": 0
    },
    {
      "time": 175.01491,
      "col": 1
    },
    {
      "time": 175.60886,
      "col": 2
    },
    {
      "time": 175.90582,
      "col": 3
    },
    {
      "time": 176.30179,
      "col": 0
    },
    {
      "time": 176.79674,
      "col": 1
    },
    {
      "time": 177.0937,
      "col": 2
    },
    {
      "time": 177.98462,
      "col": 3
    },
    {
      "time": 178.77655,
      "col": 0
    },
    {
      "time": 179.17252,
      "col": 1
    },
    {
      "time": 180.2614,
      "col": 2
    },
    {
      "time": 181.2513,
      "col": 3
    },
    {
      "time": 181.94424,
      "col": 0
    },
    {
      "time": 182.53818,
      "col": 1
    },
    {
      "time": 182.73616,
      "col": 2
    },
    {
      "time": 183.82504,
      "col": 3
    },
    {
      "time": 184.41899,
      "col": 0
    },
    {
      "time": 184.81496,
      "col": 1
    },
    {
      "time": 185.40889,
      "col": 2
    },
    {
      "time": 186.00284,
      "col": 3
    },
    {
      "time": 186.29982,
      "col": 0
    },
    {
      "time": 186.79475,
      "col": 1
    },
    {
      "time": 187.78467,
      "col": 2
    },
    {
      "time": 187.98265,
      "col": 3
    },
    {
      "time": 188.67558,
      "col": 0
    },
    {
      "time": 189.17053,
      "col": 1
    },
    {
      "time": 189.56648,
      "col": 2
    },
    {
      "time": 190.06145,
      "col": 3
    },
    {
      "time": 190.85336,
      "col": 0
    },
    {
      "time": 191.05135,
      "col": 1
    },
    {
      "time": 191.5463,
      "col": 2
    },
    {
      "time": 192.14023,
      "col": 3
    },
    {
      "time": 192.33821,
      "col": 0
    },
    {
      "time": 193.13014,
      "col": 1
    },
    {
      "time": 193.62509,
      "col": 2
    },
    {
      "time": 194.12004,
      "col": 3
    },
    {
      "time": 194.71399,
      "col": 0
    },
    {
      "time": 195.01097,
      "col": 1
    },
    {
      "time": 195.40692,
      "col": 2
    },
    {
      "time": 196.09985,
      "col": 3
    },
    {
      "time": 196.69379,
      "col": 0
    },
    {
      "time": 197.08975,
      "col": 1
    },
    {
      "time": 197.98067,
      "col": 2
    },
    {
      "time": 198.47562,
      "col": 3
    },
    {
      "time": 198.6736,
      "col": 0
    },
    {
      "time": 199.36653,
      "col": 1
    },
    {
      "time": 200.55443,
      "col": 2
    },
    {
      "time": 200.95038,
      "col": 3
    },
    {
      "time": 201.34634,
      "col": 0
    },
    {
      "time": 202.03928,
      "col": 1
    },
    {
      "time": 202.33624,
      "col": 2
    },
    {
      "time": 202.93019,
      "col": 3
    },
    {
      "time": 203.62311,
      "col": 0
    },
    {
      "time": 203.82109,
      "col": 1
    },
    {
      "time": 204.51404,
      "col": 2
    },
    {
      "time": 205.10797,
      "col": 3
    },
    {
      "time": 205.60292,
      "col": 0
    },
    {
      "time": 206.09789,
      "col": 1
    },
    {
      "time": 206.8898,
      "col": 2
    },
    {
      "time": 206.98878,
      "col": 3
    },
    {
      "time": 207.58273,
      "col": 0
    },
    {
      "time": 207.97868,
      "col": 1
    },
    {
      "time": 208.17667,
      "col": 2
    },
    {
      "time": 208.77061,
      "col": 3
    },
    {
      "time": 209.76051,
      "col": 0
    },
    {
      "time": 209.85951,
      "col": 1
    },
    {
      "time": 210.55244,
      "col": 2
    },
    {
      "time": 211.34436,
      "col": 3
    },
    {
      "time": 212.03731,
      "col": 0
    },
    {
      "time": 212.73022,
      "col": 1
    },
    {
      "time": 213.62115,
      "col": 2
    },
    {
      "time": 214.0171,
      "col": 3
    },
    {
      "time": 214.41307,
      "col": 0
    },
    {
      "time": 214.80904,
      "col": 1
    },
    {
      "time": 215.10599,
      "col": 2
    },
    {
      "time": 215.99692,
      "col": 3
    },
    {
      "time": 216.78883,
      "col": 0
    },
    {
      "time": 217.38278,
      "col": 1
    },
    {
      "time": 217.97672,
      "col": 2
    },
    {
      "time": 218.96663,
      "col": 3
    },
    {
      "time": 219.2636,
      "col": 0
    },
    {
      "time": 220.2535,
      "col": 1
    },
    {
      "time": 220.84744,
      "col": 2
    },
    {
      "time": 221.14441,
      "col": 3
    },
    {
      "time": 221.73836,
      "col": 0
    },
    {
      "time": 222.53027,
      "col": 1
    },
    {
      "time": 222.72826,
      "col": 2
    },
    {
      "time": 223.3222,
      "col": 3
    },
    {
      "time": 224.11412,
      "col": 0
    },
    {
      "time": 224.41109,
      "col": 1
    },
    {
      "time": 225.10402,
      "col": 2
    },
    {
      "time": 225.99493,
      "col": 3
    },
    {
      "time": 226.09393,
      "col": 0
    },
    {
      "time": 226.78685,
      "col": 1
    }
  ]
}