{
  "song_id": "Paradisus-Paradoxum",
  "instrument": "lead",
  "difficulty": "Normal",
  "columns": 4,
  "bpm": 150.60033,
  "generated_at": 1768732727,
  "notes": [
    {
      "time": 7.9681106,
      "col": 0
    },
    {
      "time": 9.661334,
      "col": 1
    },
    {
      "time": 10.258943,
      "col": 2
    },
    {
      "time": 10.756949,
      "col": 3
    },
    {
      "time": 11.055754,
      "col": 0
    },
    {
      "time": 11.553761,
      "col": 1
    },
    {
      "time": 11.852565,
      "col": 2
    },
    {
      "time": 12.151368,
      "col": 3
    },
    {
      "time": 12.649376,
      "col": 0
    },
    {
      "time": 13.147382,
      "col": 1
    },
    {
      "time": 13.446186,
      "col": 2
    },
    {
      "time": 13.64539,
      "col": 3
    },
    {
      "time": 13.844592,
      "col": 0
    },
    {
      "time": 14.641403,
      "col": 1
    },
    {
      "time": 15.039808,
      "col": 2
    },
    {
      "time": 15.537815,
      "col": 3
    },
    {
      "time": 15.836619,
      "col": 0
    },
    {
      "time": 17.131437,
      "col": 1
    },
    {
      "time": 17.33064,
      "col": 2
    },
    {
      "time": 18.426256,
      "col": 3
    },
    {
      "time": 19.023863,
      "col": 0
    },
    {
      "time": 19.920277,
      "col": 1
    },
    {
      "time": 20.019878,
      "col": 2
    },
    {
      "time": 20.517885,
      "col": 3
    },
    {
      "time": 20.91629,
      "col": 0
    },
    {
      "time": 21.812702,
      "col": 1
    },
    {
      "time": 22.211107,
      "col": 2
    },
    {
      "time": 22.509912,
      "col": 3
    },
    {
      "time": 22.908318,
      "col": 0
    },
    {
      "time": 23.406324,
      "col": 1
    },
    {
      "time": 23.605528,
      "col": 2
    },
    {
      "time": 23.80473,
      "col": 3
    },
    {
      "time": 34.262875,
      "col": 0
    },
    {
      "time": 35.8565,
      "col": 1
    },
    {
      "time": 38.744938,
      "col": 2
    },
    {
      "time": 40.93617,
      "col": 3
    },
    {
      "time": 44.52182,
      "col": 0
    },
    {
      "time": 45.816635,
      "col": 1
    },
    {
      "time": 46.215042,
      "col": 2
    },
    {
      "time": 46.81265,
      "col": 3
    },
    {
      "time": 47.410255,
      "col": 0
    },
    {
      "time": 49.00388,
      "col": 1
    },
    {
      "time": 50.896305,
      "col": 2
    },
    {
      "time": 51.09551,
      "col": 3
    },
    {
      "time": 51.99192,
      "col": 0
    },
    {
      "time": 54.97996,
      "col": 1
    },
    {
      "time": 55.57757,
      "col": 2
    },
    {
      "time": 55.77677,
      "col": 3
    },
    {
      "time": 56.17518,
      "col": 0
    },
    {
      "time": 56.673187,
      "col": 1
    },
    {
      "time": 57.07159,
      "col": 2
    },
    {
      "time": 57.370396,
      "col": 3
    },
    {
      "time": 57.6692,
      "col": 0
    },
    {
      "time": 58.266808,
      "col": 1
    },
    {
      "time": 58.565613,
      "col": 2
    },
    {
      "time": 59.063618,
      "col": 3
    },
    {
      "time": 59.26282,
      "col": 0
    },
    {
      "time": 59.960033,
      "col": 1
    },
    {
      "time": 60.358437,
      "col": 2
    },
    {
      "time": 60.956043,
      "col": 3
    },
    {
      "time": 61.155247,
      "col": 0
    },
    {
      "time": 61.95206,
      "col": 1
    },
    {
      "time": 62.350464,
      "col": 2
    },
    {
      "time": 62.74887,
      "col": 3
    },
    {
      "time": 63.047676,
      "col": 0
    },
    {
      "time": 63.54568,
      "col": 1
    },
    {
      "time": 63.744884,
      "col": 2
    },
    {
      "time": 64.043686,
      "col": 3
    },
    {
      "time": 64.44209,
      "col": 0
    },
    {
      "time": 65.23891,
      "col": 1
    },
    {
      "time": 65.43811,
      "col": 2
    },
    {
      "time": 65.73691,
      "col": 3
    },
    {
      "time": 65.93611,
      "col": 0
    },
    {
      "time": 66.732925,
      "col": 1
    },
    {
      "time": 66.93213,
      "col": 2
    },
    {
      "time": 67.230934,
      "col": 3
    },
    {
      "time": 67.62934,
      "col": 0
    },
    {
      "time": 68.52575,
      "col": 1
    },
    {
      "time": 69.32256,
      "col": 2
    },
    {
      "time": 70.21897,
      "col": 3
    },
    {
      "time": 70.51778,
      "col": 0
    },
    {
      "time": 71.31459,
      "col": 1
    },
    {
      "time": 71.613396,
      "col": 2
    },
    {
      "time": 72.0118,
      "col": 3
    },
    {
      "time": 72.609406,
      "col": 0
    },
    {
      "time": 73.207016,
      "col": 1
    },
    {
      "time": 73.40622,
      "col": 2
    },
    {
      "time": 73.60542,
      "col": 3
    },
    {
      "time": 73.90423,
      "col": 0
    },
    {
      "time": 74.40223,
      "col": 1
    },
    {
      "time": 75.59745,
      "col": 2
    },
    {
      "time": 75.79665,
      "col": 3
    },
    {
      "time": 76.49386,
      "col": 0
    },
    {
      "time": 76.99187,
      "col": 1
    },
    {
      "time": 77.68908,
      "col": 2
    },
    {
      "time": 78.18708,
      "col": 3
    },
    {
      "time": 78.68509,
      "col": 0
    },
    {
      "time": 79.2827,
      "col": 1
    },
    {
      "time": 79.581505,
      "col": 2
    },
    {
      "time": 79.78071,
      "col": 3
    },
    {
      "time": 80.27872,
      "col": 0
    },
    {
      "time": 80.67712,
      "col": 1
    },
    {
      "time": 81.07552,
      "col": 2
    },
    {
      "time": 81.47393,
      "col": 3
    },
    {
      "time": 81.87234,
      "col": 0
    },
    {
      "time": 82.56954,
      "col": 1
    },
    {
      "time": 82.86835,
      "col": 2
    },
    {
      "time": 83.06755,
      "col": 3
    },
    {
      "time": 83.46596,
      "col": 0
    },
    {
      "time": 85.05958,
      "col": 1
    },
    {
      "time": 85.457985,
      "col": 2
    },
    {
      "time": 85.85639,
      "col": 3
    },
    {
      "time": 86.2548,
      "col": 0
    },
    {
      "time": 87.051605,
      "col": 1
    },
    {
      "time": 87.84842,
      "col": 2
    },
    {
      "time": 89.04363,
      "col": 3
    },
    {
      "time": 89.143234,
      "col": 0
    },
    {
      "time": 96.51374,
      "col": 1
    },
    {
      "time": 96.712944,
      "col": 2
    },
    {
      "time": 97.11134,
      "col": 3
    },
    {
      "time": 97.31055,
      "col": 0
    },
    {
      "time": 98.00776,
      "col": 1
    },
    {
      "time": 98.50577,
      "col": 2
    },
    {
      "time": 99.302574,
      "col": 3
    },
    {
      "time": 99.50178,
      "col": 0
    },
    {
      "time": 100.697,
      "col": 1
    },
    {
      "time": 104.282646,
      "col": 2
    },
    {
      "time": 104.780655,
      "col": 3
    },
    {
      "time": 105.278656,
      "col": 0
    },
    {
      "time": 105.776665,
      "col": 1
    },
    {
      "time": 107.469894,
      "col": 2
    },
    {
      "time": 107.66909,
      "col": 3
    },
    {
      "time": 107.967896,
      "col": 0
    },
    {
      "time": 108.3663,
      "col": 1
    },
    {
      "time": 109.063515,
      "col": 2
    },
    {
      "time": 109.46192,
      "col": 3
    },
    {
      "time": 109.66112,
      "col": 0
    },
    {
      "time": 110.15913,
      "col": 1
    },
    {
      "time": 110.75674,
      "col": 2
    },
    {
      "time": 111.05554,
      "col": 3
    },
    {
      "time": 111.45395,
      "col": 0
    },
    {
      "time": 111.75275,
      "col": 1
    },
    {
      "time": 112.250755,
      "col": 2
    },
    {
      "time": 112.44996,
      "col": 3
    },
    {
      "time": 113.14717,
      "col": 0
    },
    {
      "time": 113.44598,
      "col": 1
    },
    {
      "time": 114.14318,
      "col": 2
    },
    {
      "time": 114.24278,
      "col": 3
    },
    {
      "time": 114.54159,
      "col": 0
    },
    {
      "time": 114.939995,
      "col": 1
    },
    {
      "time": 115.6372,
      "col": 2
    },
    {
      "time": 115.8364,
      "col": 3
    },
    {
      "time": 116.23481,
      "col": 0
    },
    {
      "time": 116.43401,
      "col": 1
    },
    {
      "time": 117.131226,
      "col": 2
    },
    {
      "time": 117.23083,
      "col": 3
    },
    {
      "time": 117.82844,
      "col": 0
    },
    {
      "time": 118.32644,
      "col": 1
    },
    {
      "time": 118.724846,
      "col": 2
    },
    {
      "time": 119.02365,
      "col": 3
    },
    {
      "time": 119.42206,
      "col": 0
    },
    {
      "time": 120.01966,
      "col": 1
    },
    {
      "time": 120.816475,
      "col": 2
    },
    {
      "time": 121.11528,
      "col": 3
    },
    {
      "time": 121.414085,
      "col": 0
    },
    {
      "time": 121.71289,
      "col": 1
    },
    {
      "time": 122.5097,
      "col": 2
    },
    {
      "time": 122.7089,
      "col": 3
    },
    {
      "time": 123.007706,
      "col": 0
    },
    {
      "time": 123.20691,
      "col": 1
    },
    {
      "time": 124.10332,
      "col": 2
    },
    {
      "time": 124.40212,
      "col": 3
    },
    {
      "time": 125.39814,
      "col": 0
    },
    {
      "time": 125.696945,
      "col": 1
    },
    {
      "time": 126.29455,
      "col": 2
    },
    {
      "time": 126.59335,
      "col": 3
    },
    {
      "time": 126.89216,
      "col": 0
    },
    {
      "time": 127.19096,
      "col": 1
    },
    {
      "time": 128.88419,
      "col": 2
    },
    {
      "time": 129.38219,
      "col": 3
    },
    {
      "time": 129.7806,
      "col": 0
    },
    {
      "time": 130.179,
      "col": 1
    },
    {
      "time": 130.77661,
      "col": 2
    },
    {
      "time": 130.97581,
      "col": 3
    },
    {
      "time": 131.17502,
      "col": 0
    },
    {
      "time": 131.37422,
      "col": 1
    },
    {
      "time": 132.07143,
      "col": 2
    },
    {
      "time": 134.76067,
      "col": 3
    },
    {
      "time": 134.95987,
      "col": 0
    },
    {
      "time": 135.55746,
      "col": 1
    },
    {
      "time": 137.2507,
      "col": 2
    },
    {
      "time": 138.34631,
      "col": 3
    },
    {
      "time": 138.84433,
      "col": 0
    },
    {
      "time": 139.14313,
      "col": 1
    },
    {
      "time": 148.90405,
      "col": 2
    },
    {
      "time": 149.50166,
      "col": 3
    },
    {
      "time": 149.70087,
      "col": 0
    },
    {
      "time": 149.99968,
      "col": 1
    },
    {
      "time": 150.7965,
      "col": 2
    },
    {
      "time": 151.3941,
      "col": 3
    },
    {
      "time": 151.8921,
      "col": 0
    },
    {
      "time": 152.09131,
      "col": 1
    },
    {
      "time": 152.6889,
      "col": 2
    },
    {
      "time": 153.18692,
      "col": 3
    },
    {
      "time": 153.48572,
      "col": 0
    },
    {
      "time": 153.78453,
      "col": 1
    },
    {
      "time": 154.48174,
      "col": 2
    },
    {
      "time": 154.88014,
      "col": 3
    },
    {
      "time": 155.07935,
      "col": 0
    },
    {
      "time": 155.57736,
      "col": 1
    },
    {
      "time": 156.77257,
      "col": 2
    },
    {
      "time": 157.27057,
      "col": 3
    },
    {
      "time": 157.66898,
      "col": 0
    },
    {
      "time": 157.96779,
      "col": 1
    },
    {
      "time": 158.5654,
      "col": 2
    },
    {
      "time": 158.9638,
      "col": 3
    },
    {
      "time": 159.2626,
      "col": 0
    },
    {
      "time": 159.66101,
      "col": 1
    },
    {
      "time": 160.35823,
      "col": 2
    },
    {
      "time": 160.75662,
      "col": 3
    },
    {
      "time": 160.95583,
      "col": 0
    },
    {
      "time": 161.25462,
      "col": 1
    },
    {
      "time": 161.75264,
      "col": 2
    },
    {
      "time": 161.95184,
      "col": 3
    },
    {
      "time": 162.25064,
      "col": 0
    },
    {
      "time": 162.44984,
      "col": 1
    },
    {
      "time": 163.04745,
      "col": 2
    },
    {
      "time": 163.34627,
      "col": 3
    },
    {
      "time": 164.04347,
      "col": 0
    },
    {
      "time": 164.54147,
      "col": 1
    },
    {
      "time": 165.13908,
      "col": 2
    },
    {
      "time": 165.33829,
      "col": 3
    },
    {
      "time": 165.63708,
      "col": 0
    },
    {
      "time": 165.9359,
      "col": 1
    },
    {
      "time": 166.73271,
      "col": 2
    },
    {
      "time": 167.03151,
      "col": 3
    },
    {
      "time": 167.23071,
      "col": 0
    },
    {
      "time": 169.02353,
      "col": 1
    },
    {
      "time": 169.91995,
      "col": 2
    },
    {
      "time": 170.01955,
      "col": 3
    },
    {
      "time": 170.61716,
      "col": 0
    },
    {
      "time": 171.41397,
      "col": 1
    },
    {
      "time": 171.71278,
      "col": 2
    },
    {
      "time": 172.21078,
      "col": 3
    },
    {
      "time": 172.40999,
      "col": 0
    },
    {
      "time": 172.7088,
      "col": 1
    },
    {
      "time": 173.1072,
      "col": 2
    },
    {
      "time": 174.0036,
      "col": 3
    },
    {
      "time": 174.40201,
      "col": 0
    },
    {
      "time": 174.99962,
      "col": 1
    },
    {
      "time": 175.59723,
      "col": 2
    },
    {
      "time": 176.19484,
      "col": 3
    },
    {
      "time": 176.29445,
      "col": 0
    },
    {
      "time": 176.79245,
      "col": 1
    },
    {
      "time": 177.09126,
      "col": 2
    },
    {
      "time": 177.98766,
      "col": 3
    },
    {
      "time": 178.78447,
      "col": 0
    },
    {
      "time": 179.18288,
      "col": 1
    },
    {
      "time": 179.58128,
      "col": 2
    },
    {
      "time": 180.97571,
      "col": 3
    },
    {
      "time": 181.5733,
      "col": 0
    },
    {
      "time": 181.97171,
      "col": 1
    },
    {
      "time": 182.27052,
      "col": 2
    },
    {
      "time": 182.76852,
      "col": 3
    },
    {
      "time": 182.96773,
      "col": 0
    },
    {
      "time": 183.76454,
      "col": 1
    },
    {
      "time": 184.26256,
      "col": 2
    },
    {
      "time": 184.86017,
      "col": 3
    },
    {
      "time": 185.15897,
      "col": 0
    },
    {
      "time": 185.45776,
      "col": 1
    },
    {
      "time": 185.95576,
      "col": 2
    },
    {
      "time": 186.45378,
      "col": 3
    },
    {
      "time": 186.75258,
      "col": 0
    },
    {
      "time": 187.2506,
      "col": 1
    },
    {
      "time": 187.8482,
      "col": 2
    },
    {
      "time": 188.24661,
      "col": 3
    },
    {
      "time": 188.64502,
      "col": 0
    },
    {
      "time": 188.84422,
      "col": 1
    },
    {
      "time": 189.24263,
      "col": 2
    },
    {
      "time": 189.93982,
      "col": 3
    },
    {
      "time": 190.03943,
      "col": 0
    },
    {
      "time": 190.33823,
      "col": 1
    },
    {
      "time": 190.73663,
      "col": 2
    },
    {
      "time": 191.33424,
      "col": 3
    },
    {
      "time": 191.53345,
      "col": 0
    },
    {
      "time": 191.83226,
      "col": 1
    },
    {
      "time": 192.13106,
      "col": 2
    },
    {
      "time": 192.82828,
      "col": 3
    },
    {
      "time": 193.12708,
      "col": 0
    },
    {
      "time": 193.42589,
      "col": 1
    },
    {
      "time": 193.62508,
      "col": 2
    },
    {
      "time": 194.22269,
      "col": 3
    },
    {
      "time": 194.72069,
      "col": 0
    },
    {
      "time": 194.8203,
      "col": 1
    },
    {
      "time": 195.0195,
      "col": 2
    },
    {
      "time": 195.81631,
      "col": 3
    },
    {
      "time": 196.11511,
      "col": 0
    },
    {
      "time": 196.31432,
      "col": 1
    },
    {
      "time": 196.71272,
      "col": 2
    },
    {
      "time": 197.60915,
      "col": 3
    },
    {
      "time": 198.00754,
      "col": 0
    },
    {
      "time": 198.20674,
      "col": 1
    },
    {
      "time": 198.50554,
      "col": 2
    },
    {
      "time": 199.00356,
      "col": 3
    },
    {
      "time": 199.30235,
      "col": 0
    },
    {
      "time": 199.70076,
      "col": 1
    },
    {
      "time": 200.29837,
      "col": 2
    },
    {
      "time": 200.89598,
      "col": 3
    },
    {
      "time": 201.394,
      "col": 0
    },
    {
      "time": 201.6928,
      "col": 1
    },
    {
      "time": 201.9916,
      "col": 2
    },
    {
      "time": 202.39,
      "col": 3
    },
    {
      "time": 202.98761,
      "col": 0
    },
    {
      "time": 203.2864,
      "col": 1
    },
    {
      "time": 203.58522,
      "col": 2
    },
    {
      "time": 204.78044,
      "col": 3
    },
    {
      "time": 205.67685,
      "col": 0
    },
    {
      "time": 205.87605,
      "col": 1
    },
    {
      "time": 206.47365,
      "col": 2
    },
    {
      "time": 207.37007,
      "col": 3
    },
    {
      "time": 207.56927,
      "col": 0
    },
    {
      "time": 207.86807,
      "col": 1
    },
    {
      "time": 208.16689,
      "col": 2
    },
    {
      "time": 208.7645,
      "col": 3
    },
    {
      "time": 209.1629,
      "col": 0
    },
    {
      "time": 209.76051,
      "col": 1
    },
    {
      "time": 209.8601,
      "col": 2
    },
    {
      "time": 210.6569,
      "col": 3
    },
    {
      "time": 210.85611,
      "col": 0
    },
    {
      "time": 211.15492,
      "col": 1
    },
    {
      "time": 211.25452,
      "col": 2
    },
    {
      "time": 213.24655,
      "col": 3
    },
    {
      "time": 213.64496,
      "col": 0
    },
    {
      "time": 214.84016,
      "col": 1
    },
    {
      "time": 215.13898,
      "col": 2
    },
    {
      "time": 216.03539,
      "col": 3
    },
    {
      "time": 216.3342,
      "col": 0
    },
    {
      "time": 216.7326,
      "col": 1
    },
    {
      "time": 216.93181,
      "col": 2
    },
    {
      "time": 217.52942,
      "col": 3
    },
    {
      "time": 218.02742,
      "col": 0
    },
    {
      "time": 218.92383,
      "col": 1
    },
    {
      "time": 219.12303,
      "col": 2
    },
    {
      "time": 219.62103,
      "col": 3
    },
    {
      "time": 220.21864,
      "col": 0
    },
    {
      "time": 220.31825,
      "col": 1
    },
    {
      "time": 220.81625,
      "col": 2
    },
    {
      "time": 221.61307,
      "col": 3
    },
    {
      "time": 221.71268,
      "col": 0
    },
    {
      "time": 222.11108,
      "col": 1
    },
    {
      "time": 222.31029,
      "col": 2
    },
    {
      "time": 222.80829,
      "col": 3
    },
    {
      "time": 224.4019,
      "col": 0
    },
    {
      "time": 225.09912,
      "col": 1
    },
    {
      "time": 225.59712,
      "col": 2
    },
    {
      "time": 226.09514,
      "col": 3
    },
    {
      "time": 226.49355,
      "col": 0
    },
    {
      "time": 226.79234,
      "col": 1
    },
    {
      "time": 228.18675,
      "col": 2
    }
  ]
}