{
  "song_id": "Paradisus-Paradoxum",
  "instrument": "bass",
  "difficulty": "Normal",
  "columns": 4,
  "bpm": 163.65234,
  "generated_at": 1768732727,
  "notes": [
    {
      "time": 8.249194,
      "col": 0
    },
    {
      "time": 8.615825,
      "col": 1
    },
    {
      "time": 8.982456,
      "col": 2
    },
    {
      "time": 9.1657715,
      "col": 3
    },
    {
      "time": 9.440744,
      "col": 0
    },
    {
      "time": 10.81561,
      "col": 1
    },
    {
      "time": 11.1822405,
      "col": 2
    },
    {
      "time": 11.64053,
      "col": 3
    },
    {
      "time": 12.098818,
      "col": 0
    },
    {
      "time": 12.740422,
      "col": 1
    },
    {
      "time": 13.19871,
      "col": 2
    },
    {
      "time": 13.657,
      "col": 3
    },
    {
      "time": 14.02363,
      "col": 0
    },
    {
      "time": 14.665234,
      "col": 1
    },
    {
      "time": 14.848549,
      "col": 2
    },
    {
      "time": 15.21518,
      "col": 3
    },
    {
      "time": 15.581811,
      "col": 0
    },
    {
      "time": 16.223415,
      "col": 1
    },
    {
      "time": 16.773361,
      "col": 2
    },
    {
      "time": 17.23165,
      "col": 3
    },
    {
      "time": 17.414965,
      "col": 0
    },
    {
      "time": 18.973146,
      "col": 1
    },
    {
      "time": 19.064804,
      "col": 2
    },
    {
      "time": 19.431435,
      "col": 3
    },
    {
      "time": 19.889723,
      "col": 0
    },
    {
      "time": 20.806301,
      "col": 1
    },
    {
      "time": 21.172932,
      "col": 2
    },
    {
      "time": 21.539562,
      "col": 3
    },
    {
      "time": 21.99785,
      "col": 0
    },
    {
      "time": 22.731113,
      "col": 1
    },
    {
      "time": 23.189402,
      "col": 2
    },
    {
      "time": 23.464375,
      "col": 3
    },
    {
      "time": 23.922663,
      "col": 0
    },
    {
      "time": 24.655924,
      "col": 1
    },
    {
      "time": 25.114214,
      "col": 2
    },
    {
      "time": 25.389187,
      "col": 3
    },
    {
      "time": 25.572502,
      "col": 0
    },
    {
      "time": 26.305763,
      "col": 1
    },
    {
      "time": 26.764051,
      "col": 2
    },
    {
      "time": 27.039024,
      "col": 3
    },
    {
      "time": 27.497314,
      "col": 0
    },
    {
      "time": 28.322233,
      "col": 1
    },
    {
      "time": 28.688864,
      "col": 2
    },
    {
      "time": 29.147152,
      "col": 3
    },
    {
      "time": 29.23881,
      "col": 0
    },
    {
      "time": 39.504475,
      "col": 1
    },
    {
      "time": 39.962765,
      "col": 2
    },
    {
      "time": 40.23774,
      "col": 3
    },
    {
      "time": 40.696026,
      "col": 0
    },
    {
      "time": 41.429287,
      "col": 1
    },
    {
      "time": 41.887577,
      "col": 2
    },
    {
      "time": 42.345863,
      "col": 3
    },
    {
      "time": 42.62084,
      "col": 0
    },
    {
      "time": 43.537415,
      "col": 1
    },
    {
      "time": 43.812386,
      "col": 2
    },
    {
      "time": 44.270676,
      "col": 3
    },
    {
      "time": 44.637306,
      "col": 0
    },
    {
      "time": 45.462227,
      "col": 1
    },
    {
      "time": 45.920517,
      "col": 2
    },
    {
      "time": 46.195488,
      "col": 3
    },
    {
      "time": 46.653778,
      "col": 0
    },
    {
      "time": 47.203724,
      "col": 1
    },
    {
      "time": 47.570354,
      "col": 2
    },
    {
      "time": 47.845325,
      "col": 3
    },
    {
      "time": 48.211956,
      "col": 0
    },
    {
      "time": 49.311848,
      "col": 1
    },
    {
      "time": 49.586826,
      "col": 2
    },
    {
      "time": 49.953457,
      "col": 3
    },
    {
      "time": 50.228428,
      "col": 0
    },
    {
      "time": 50.778374,
      "col": 1
    },
    {
      "time": 51.05335,
      "col": 2
    },
    {
      "time": 51.41998,
      "col": 3
    },
    {
      "time": 51.69495,
      "col": 0
    },
    {
      "time": 52.336555,
      "col": 1
    },
    {
      "time": 52.611526,
      "col": 2
    },
    {
      "time": 52.978157,
      "col": 3
    },
    {
      "time": 53.25313,
      "col": 0
    },
    {
      "time": 53.71142,
      "col": 1
    },
    {
      "time": 54.07805,
      "col": 2
    },
    {
      "time": 54.444683,
      "col": 3
    },
    {
      "time": 54.719658,
      "col": 0
    },
    {
      "time": 55.269604,
      "col": 1
    },
    {
      "time": 55.544575,
      "col": 2
    },
    {
      "time": 55.911205,
      "col": 3
    },
    {
      "time": 56.18618,
      "col": 0
    },
    {
      "time": 56.644466,
      "col": 1
    },
    {
      "time": 56.91944,
      "col": 2
    },
    {
      "time": 57.28607,
      "col": 3
    },
    {
      "time": 57.561043,
      "col": 0
    },
    {
      "time": 58.11099,
      "col": 1
    },
    {
      "time": 58.385963,
      "col": 2
    },
    {
      "time": 58.752594,
      "col": 3
    },
    {
      "time": 59.11923,
      "col": 0
    },
    {
      "time": 60.12746,
      "col": 1
    },
    {
      "time": 60.95238,
      "col": 2
    },
    {
      "time": 61.410667,
      "col": 3
    },
    {
      "time": 61.685642,
      "col": 0
    },
    {
      "time": 62.60222,
      "col": 1
    },
    {
      "time": 62.96885,
      "col": 2
    },
    {
      "time": 63.33548,
      "col": 3
    },
    {
      "time": 63.79377,
      "col": 0
    },
    {
      "time": 64.61869,
      "col": 1
    },
    {
      "time": 64.98532,
      "col": 2
    },
    {
      "time": 65.26029,
      "col": 3
    },
    {
      "time": 65.71858,
      "col": 0
    },
    {
      "time": 66.5435,
      "col": 1
    },
    {
      "time": 66.91013,
      "col": 2
    },
    {
      "time": 67.368416,
      "col": 3
    },
    {
      "time": 67.643394,
      "col": 0
    },
    {
      "time": 68.376656,
      "col": 1
    },
    {
      "time": 68.65163,
      "col": 2
    },
    {
      "time": 69.01826,
      "col": 3
    },
    {
      "time": 69.29323,
      "col": 0
    },
    {
      "time": 69.84318,
      "col": 1
    },
    {
      "time": 70.11815,
      "col": 2
    },
    {
      "time": 70.39313,
      "col": 3
    },
    {
      "time": 70.57645,
      "col": 0
    },
    {
      "time": 71.30971,
      "col": 1
    },
    {
      "time": 71.67634,
      "col": 2
    },
    {
      "time": 72.13462,
      "col": 3
    },
    {
      "time": 72.50125,
      "col": 0
    },
    {
      "time": 73.32617,
      "col": 1
    },
    {
      "time": 73.6928,
      "col": 2
    },
    {
      "time": 73.96777,
      "col": 3
    },
    {
      "time": 74.15109,
      "col": 0
    },
    {
      "time": 74.701035,
      "col": 1
    },
    {
      "time": 74.97601,
      "col": 2
    },
    {
      "time": 75.250984,
      "col": 3
    },
    {
      "time": 75.709274,
      "col": 0
    },
    {
      "time": 76.442535,
      "col": 1
    },
    {
      "time": 76.90082,
      "col": 2
    },
    {
      "time": 77.08414,
      "col": 3
    },
    {
      "time": 77.72574,
      "col": 0
    },
    {
      "time": 79.1006,
      "col": 1
    },
    {
      "time": 79.65055,
      "col": 2
    },
    {
      "time": 80.01719,
      "col": 3
    },
    {
      "time": 80.56713,
      "col": 0
    },
    {
      "time": 80.84211,
      "col": 1
    },
    {
      "time": 81.66702,
      "col": 2
    },
    {
      "time": 82.03365,
      "col": 3
    },
    {
      "time": 82.49194,
      "col": 0
    },
    {
      "time": 82.95023,
      "col": 1
    },
    {
      "time": 84.141785,
      "col": 2
    },
    {
      "time": 84.416756,
      "col": 3
    },
    {
      "time": 84.875046,
      "col": 0
    },
    {
      "time": 85.33333,
      "col": 1
    },
    {
      "time": 86.06659,
      "col": 2
    },
    {
      "time": 86.52488,
      "col": 3
    },
    {
      "time": 86.79985,
      "col": 0
    },
    {
      "time": 87.25814,
      "col": 1
    },
    {
      "time": 87.9914,
      "col": 2
    },
    {
      "time": 88.35803,
      "col": 3
    },
    {
      "time": 88.90798,
      "col": 0
    },
    {
      "time": 89.18295,
      "col": 1
    },
    {
      "time": 90.832794,
      "col": 2
    },
    {
      "time": 92.75761,
      "col": 3
    },
    {
      "time": 93.03258,
      "col": 0
    },
    {
      "time": 93.2159,
      "col": 1
    },
    {
      "time": 94.59076,
      "col": 2
    },
    {
      "time": 95.14071,
      "col": 3
    },
    {
      "time": 95.41568,
      "col": 0
    },
    {
      "time": 96.97386,
      "col": 1
    },
    {
      "time": 97.798775,
      "col": 2
    },
    {
      "time": 98.80702,
      "col": 3
    },
    {
      "time": 99.90691,
      "col": 0
    },
    {
      "time": 100.090225,
      "col": 1
    },
    {
      "time": 100.82349,
      "col": 2
    },
    {
      "time": 101.28178,
      "col": 3
    },
    {
      "time": 101.55675,
      "col": 0
    },
    {
      "time": 102.01504,
      "col": 1
    },
    {
      "time": 102.7483,
      "col": 2
    },
    {
      "time": 103.20659,
      "col": 3
    },
    {
      "time": 103.66487,
      "col": 0
    },
    {
      "time": 103.93985,
      "col": 1
    },
    {
      "time": 104.85642,
      "col": 2
    },
    {
      "time": 105.22305,
      "col": 3
    },
    {
      "time": 105.40637,
      "col": 0
    },
    {
      "time": 105.68134,
      "col": 1
    },
    {
      "time": 106.322945,
      "col": 2
    },
    {
      "time": 107.056206,
      "col": 3
    },
    {
      "time": 107.239525,
      "col": 0
    },
    {
      "time": 107.33118,
      "col": 1
    },
    {
      "time": 108.156105,
      "col": 2
    },
    {
      "time": 108.431076,
      "col": 3
    },
    {
      "time": 108.614395,
      "col": 0
    },
    {
      "time": 108.889366,
      "col": 1
    },
    {
      "time": 109.80595,
      "col": 2
    },
    {
      "time": 110.26423,
      "col": 3
    },
    {
      "time": 111.08915,
      "col": 0
    },
    {
      "time": 111.54744,
      "col": 1
    },
    {
      "time": 112.37236,
      "col": 2
    },
    {
      "time": 112.73899,
      "col": 3
    },
    {
      "time": 113.10562,
      "col": 0
    },
    {
      "time": 113.47225,
      "col": 1
    },
    {
      "time": 114.297165,
      "col": 2
    },
    {
      "time": 114.663795,
      "col": 3
    },
    {
      "time": 114.847115,
      "col": 0
    },
    {
      "time": 115.122086,
      "col": 1
    },
    {
      "time": 115.94701,
      "col": 2
    },
    {
      "time": 116.31364,
      "col": 3
    },
    {
      "time": 116.68027,
      "col": 0
    },
    {
      "time": 117.0469,
      "col": 1
    },
    {
      "time": 117.78017,
      "col": 2
    },
    {
      "time": 118.23846,
      "col": 3
    },
    {
      "time": 118.60509,
      "col": 0
    },
    {
      "time": 118.88006,
      "col": 1
    },
    {
      "time": 119.70498,
      "col": 2
    },
    {
      "time": 119.79663,
      "col": 3
    },
    {
      "time": 120.16326,
      "col": 0
    },
    {
      "time": 120.43824,
      "col": 1
    },
    {
      "time": 121.07984,
      "col": 2
    },
    {
      "time": 121.1715,
      "col": 3
    },
    {
      "time": 121.44647,
      "col": 0
    },
    {
      "time": 121.8131,
      "col": 1
    },
    {
      "time": 122.63802,
      "col": 2
    },
    {
      "time": 123.096306,
      "col": 3
    },
    {
      "time": 123.46294,
      "col": 0
    },
    {
      "time": 123.82957,
      "col": 1
    },
    {
      "time": 124.83781,
      "col": 2
    },
    {
      "time": 125.20444,
      "col": 3
    },
    {
      "time": 125.47941,
      "col": 0
    },
    {
      "time": 125.9377,
      "col": 1
    },
    {
      "time": 126.67096,
      "col": 2
    },
    {
      "time": 127.0376,
      "col": 3
    },
    {
      "time": 127.22091,
      "col": 0
    },
    {
      "time": 127.86251,
      "col": 1
    },
    {
      "time": 129.32904,
      "col": 2
    },
    {
      "time": 129.78732,
      "col": 3
    },
    {
      "time": 130.2456,
      "col": 0
    },
    {
      "time": 130.7039,
      "col": 1
    },
    {
      "time": 131.43716,
      "col": 2
    },
    {
      "time": 131.8038,
      "col": 3
    },
    {
      "time": 132.17043,
      "col": 0
    },
    {
      "time": 132.62872,
      "col": 1
    },
    {
      "time": 133.36198,
      "col": 2
    },
    {
      "time": 133.7286,
      "col": 3
    },
    {
      "time": 134.27855,
      "col": 0
    },
    {
      "time": 134.46187,
      "col": 1
    },
    {
      "time": 135.37845,
      "col": 2
    },
    {
      "time": 135.74507,
      "col": 3
    },
    {
      "time": 136.20337,
      "col": 0
    },
    {
      "time": 136.66165,
      "col": 1
    },
    {
      "time": 137.39491,
      "col": 2
    },
    {
      "time": 137.8532,
      "col": 3
    },
    {
      "time": 138.12817,
      "col": 0
    },
    {
      "time": 138.58646,
      "col": 1
    },
    {
      "time": 139.31972,
      "col": 2
    },
    {
      "time": 139.77802,
      "col": 3
    },
    {
      "time": 148.11887,
      "col": 0
    },
    {
      "time": 148.39384,
      "col": 1
    },
    {
      "time": 149.03545,
      "col": 2
    },
    {
      "time": 149.31041,
      "col": 3
    },
    {
      "time": 149.86037,
      "col": 0
    },
    {
      "time": 150.13533,
      "col": 1
    },
    {
      "time": 150.96027,
      "col": 2
    },
    {
      "time": 151.32689,
      "col": 3
    },
    {
      "time": 151.69353,
      "col": 0
    },
    {
      "time": 152.15181,
      "col": 1
    },
    {
      "time": 152.88507,
      "col": 2
    },
    {
      "time": 153.34335,
      "col": 3
    },
    {
      "time": 154.07661,
      "col": 0
    },
    {
      "time": 154.53491,
      "col": 1
    },
    {
      "time": 155.26817,
      "col": 2
    },
    {
      "time": 155.72646,
      "col": 3
    },
    {
      "time": 156.00143,
      "col": 0
    },
    {
      "time": 156.45972,
      "col": 1
    },
    {
      "time": 156.55138,
      "col": 2
    },
    {
      "time": 157.28464,
      "col": 3
    },
    {
      "time": 157.74292,
      "col": 0
    },
    {
      "time": 158.0179,
      "col": 1
    },
    {
      "time": 158.29288,
      "col": 2
    },
    {
      "time": 158.93448,
      "col": 3
    },
    {
      "time": 159.3011,
      "col": 0
    },
    {
      "time": 159.66774,
      "col": 1
    },
    {
      "time": 160.03438,
      "col": 2
    },
    {
      "time": 160.8593,
      "col": 3
    },
    {
      "time": 161.22592,
      "col": 0
    },
    {
      "time": 161.6842,
      "col": 1
    },
    {
      "time": 162.05084,
      "col": 2
    },
    {
      "time": 162.87576,
      "col": 3
    },
    {
      "time": 163.15073,
      "col": 0
    },
    {
      "time": 163.60902,
      "col": 1
    },
    {
      "time": 163.79234,
      "col": 2
    },
    {
      "time": 164.34229,
      "col": 3
    },
    {
      "time": 164.70891,
      "col": 0
    },
    {
      "time": 164.98389,
      "col": 1
    },
    {
      "time": 165.35051,
      "col": 2
    },
    {
      "time": 165.8088,
      "col": 3
    },
    {
      "time": 165.99213,
      "col": 0
    },
    {
      "time": 166.17543,
      "col": 1
    },
    {
      "time": 166.54207,
      "col": 2
    },
    {
      "time": 167.00035,
      "col": 3
    },
    {
      "time": 167.5503,
      "col": 0
    },
    {
      "time": 183.95703,
      "col": 1
    },
    {
      "time": 184.69029,
      "col": 2
    },
    {
      "time": 185.24023,
      "col": 3
    },
    {
      "time": 185.42355,
      "col": 0
    },
    {
      "time": 185.69853,
      "col": 1
    },
    {
      "time": 185.9735,
      "col": 2
    },
    {
      "time": 186.34013,
      "col": 3
    },
    {
      "time": 186.89008,
      "col": 0
    },
    {
      "time": 187.0734,
      "col": 1
    },
    {
      "time": 187.25671,
      "col": 2
    },
    {
      "time": 189.08987,
      "col": 3
    },
    {
      "time": 189.36484,
      "col": 0
    },
    {
      "time": 189.63982,
      "col": 1
    },
    {
      "time": 189.91478,
      "col": 2
    },
    {
      "time": 190.46474,
      "col": 3
    },
    {
      "time": 190.7397,
      "col": 0
    },
    {
      "time": 191.10634,
      "col": 1
    },
    {
      "time": 191.3813,
      "col": 2
    },
    {
      "time": 192.02292,
      "col": 3
    },
    {
      "time": 192.29788,
      "col": 0
    },
    {
      "time": 192.57286,
      "col": 1
    },
    {
      "time": 192.93948,
      "col": 2
    },
    {
      "time": 193.48944,
      "col": 3
    },
    {
      "time": 193.7644,
      "col": 0
    },
    {
      "time": 194.03938,
      "col": 1
    },
    {
      "time": 194.406,
      "col": 2
    },
    {
      "time": 194.95596,
      "col": 3
    },
    {
      "time": 195.32259,
      "col": 0
    },
    {
      "time": 195.59756,
      "col": 1
    },
    {
      "time": 195.87253,
      "col": 2
    },
    {
      "time": 196.51413,
      "col": 3
    },
    {
      "time": 196.78911,
      "col": 0
    },
    {
      "time": 197.15575,
      "col": 1
    },
    {
      "time": 197.33907,
      "col": 2
    },
    {
      "time": 197.79735,
      "col": 3
    },
    {
      "time": 198.07233,
      "col": 0
    },
    {
      "time": 198.71393,
      "col": 1
    },
    {
      "time": 198.9889,
      "col": 2
    },
    {
      "time": 199.90547,
      "col": 3
    },
    {
      "time": 200.18045,
      "col": 0
    },
    {
      "time": 200.63873,
      "col": 1
    },
    {
      "time": 201.09703,
      "col": 2
    },
    {
      "time": 201.64697,
      "col": 3
    },
    {
      "time": 201.83029,
      "col": 0
    },
    {
      "time": 202.10526,
      "col": 1
    },
    {
      "time": 202.4719,
      "col": 2
    },
    {
      "time": 203.02184,
      "col": 3
    },
    {
      "time": 203.48012,
      "col": 0
    },
    {
      "time": 203.66344,
      "col": 1
    },
    {
      "time": 204.21338,
      "col": 2
    },
    {
      "time": 204.855,
      "col": 3
    },
    {
      "time": 205.40494,
      "col": 0
    },
    {
      "time": 206.50482,
      "col": 1
    },
    {
      "time": 206.87146,
      "col": 2
    },
    {
      "time": 207.78804,
      "col": 3
    },
    {
      "time": 208.24632,
      "col": 0
    },
    {
      "time": 208.5213,
      "col": 1
    },
    {
      "time": 209.07124,
      "col": 2
    },
    {
      "time": 209.8045,
      "col": 3
    },
    {
      "time": 210.2628,
      "col": 0
    },
    {
      "time": 210.72108,
      "col": 1
    },
    {
      "time": 210.99606,
      "col": 2
    },
    {
      "time": 211.82098,
      "col": 3
    },
    {
      "time": 212.09595,
      "col": 0
    },
    {
      "time": 212.64589,
      "col": 1
    },
    {
      "time": 213.01253,
      "col": 2
    },
    {
      "time": 213.83745,
      "col": 3
    },
    {
      "time": 214.29573,
      "col": 0
    },
    {
      "time": 214.57071,
      "col": 1
    },
    {
      "time": 214.93733,
      "col": 2
    },
    {
      "time": 215.76225,
      "col": 3
    },
    {
      "time": 216.22055,
      "col": 0
    },
    {
      "time": 216.58719,
      "col": 1
    },
    {
      "time": 216.95381,
      "col": 2
    },
    {
      "time": 217.50375,
      "col": 3
    },
    {
      "time": 217.77873,
      "col": 0
    },
    {
      "time": 218.14536,
      "col": 1
    },
    {
      "time": 218.23701,
      "col": 2
    },
    {
      "time": 218.87862,
      "col": 3
    },
    {
      "time": 218.97028,
      "col": 0
    },
    {
      "time": 219.1536,
      "col": 1
    },
    {
      "time": 219.52023,
      "col": 2
    },
    {
      "time": 220.2535,
      "col": 3
    },
    {
      "time": 220.4368,
      "col": 0
    },
    {
      "time": 221.26172,
      "col": 1
    },
    {
      "time": 221.62836,
      "col": 2
    },
    {
      "time": 222.26996,
      "col": 3
    },
    {
      "time": 222.45328,
      "col": 0
    },
    {
      "time": 222.63658,
      "col": 1
    },
    {
      "time": 222.8199,
      "col": 2
    },
    {
      "time": 223.27818,
      "col": 3
    },
    {
      "time": 223.36984,
      "col": 0
    },
    {
      "time": 223.55316,
      "col": 1
    },
    {
      "time": 223.73648,
      "col": 2
    },
    {
      "time": 224.28642,
      "col": 3
    },
    {
      "time": 224.65306,
      "col": 0
    },
    {
      "time": 224.83636,
      "col": 1
    },
    {
      "time": 225.01968,
      "col": 2
    },
    {
      "time": 225.75296,
      "col": 3
    },
    {
      "time": 226.21124,
      "col": 0
    },
    {
      "time": 226.3029,
      "col": 1
    },
    {
      "time": 226.9445,
      "col": 2
    },
    {
      "time": 227.49445,
      "col": 3
    },
    {
      "time": 227.67776,
      "col": 0
    },
    {
      "time": 227.95274,
      "col": 1
    },
    {
      "time": 228.41103,
      "col": 2
    }
  ]
}