{
  "song_id": "Paradisus-Paradoxum",
  "instrument": "drums",
  "difficulty": "Expert",
  "columns": 5,
  "bpm": 183.19292,
  "generated_at": 1768732727,
  "notes": [
    {
      "time": 8.024328,
      "col": 0
    },
    {
      "time": 8.433732,
      "col": 1
    },
    {
      "time": 8.597494,
      "col": 2
    },
    {
      "time": 9.006899,
      "col": 3
    },
    {
      "time": 9.17066,
      "col": 4
    },
    {
      "time": 9.498184,
      "col": 0
    },
    {
      "time": 9.907588,
      "col": 1
    },
    {
      "time": 10.235112,
      "col": 2
    },
    {
      "time": 10.480755,
      "col": 3
    },
    {
      "time": 10.808278,
      "col": 4
    },
    {
      "time": 10.97204,
      "col": 0
    },
    {
      "time": 11.217683,
      "col": 1
    },
    {
      "time": 11.545206,
      "col": 2
    },
    {
      "time": 11.954612,
      "col": 3
    },
    {
      "time": 12.445896,
      "col": 4
    },
    {
      "time": 12.855301,
      "col": 0
    },
    {
      "time": 13.182824,
      "col": 1
    },
    {
      "time": 13.346586,
      "col": 2
    },
    {
      "time": 13.674109,
      "col": 3
    },
    {
      "time": 14.001634,
      "col": 4
    },
    {
      "time": 14.247276,
      "col": 0
    },
    {
      "time": 14.65668,
      "col": 1
    },
    {
      "time": 14.902324,
      "col": 2
    },
    {
      "time": 14.984204,
      "col": 3
    },
    {
      "time": 15.147965,
      "col": 4
    },
    {
      "time": 15.639252,
      "col": 0
    },
    {
      "time": 15.966775,
      "col": 1
    },
    {
      "time": 16.130537,
      "col": 2
    },
    {
      "time": 16.45806,
      "col": 3
    },
    {
      "time": 16.785583,
      "col": 4
    },
    {
      "time": 17.031227,
      "col": 0
    },
    {
      "time": 17.194988,
      "col": 1
    },
    {
      "time": 17.604393,
      "col": 2
    },
    {
      "time": 17.931917,
      "col": 3
    },
    {
      "time": 18.4232,
      "col": 4
    },
    {
      "time": 18.586964,
      "col": 0
    },
    {
      "time": 18.996368,
      "col": 1
    },
    {
      "time": 19.487654,
      "col": 2
    },
    {
      "time": 19.897058,
      "col": 3
    },
    {
      "time": 20.1427,
      "col": 4
    },
    {
      "time": 20.388344,
      "col": 0
    },
    {
      "time": 20.87963,
      "col": 1
    },
    {
      "time": 21.12527,
      "col": 2
    },
    {
      "time": 21.289034,
      "col": 3
    },
    {
      "time": 21.534678,
      "col": 4
    },
    {
      "time": 21.780317,
      "col": 0
    },
    {
      "time": 22.02596,
      "col": 1
    },
    {
      "time": 22.271605,
      "col": 2
    },
    {
      "time": 22.435366,
      "col": 3
    },
    {
      "time": 22.517248,
      "col": 4
    },
    {
      "time": 22.762888,
      "col": 0
    },
    {
      "time": 23.254175,
      "col": 1
    },
    {
      "time": 23.499819,
      "col": 2
    },
    {
      "time": 23.909222,
      "col": 3
    },
    {
      "time": 24.400507,
      "col": 4
    },
    {
      "time": 24.64615,
      "col": 0
    },
    {
      "time": 25.137436,
      "col": 1
    },
    {
      "time": 25.383078,
      "col": 2
    },
    {
      "time": 25.628721,
      "col": 3
    },
    {
      "time": 25.874363,
      "col": 4
    },
    {
      "time": 26.365648,
      "col": 0
    },
    {
      "time": 26.529411,
      "col": 1
    },
    {
      "time": 26.775055,
      "col": 2
    },
    {
      "time": 27.102577,
      "col": 3
    },
    {
      "time": 27.511982,
      "col": 4
    },
    {
      "time": 28.003265,
      "col": 0
    },
    {
      "time": 28.248909,
      "col": 1
    },
    {
      "time": 28.33079,
      "col": 2
    },
    {
      "time": 28.740196,
      "col": 3
    },
    {
      "time": 29.1496,
      "col": 4
    },
    {
      "time": 29.23148,
      "col": 0
    },
    {
      "time": 29.477123,
      "col": 1
    },
    {
      "time": 29.640884,
      "col": 2
    },
    {
      "time": 29.886528,
      "col": 3
    },
    {
      "time": 32.097313,
      "col": 4
    },
    {
      "time": 34.226215,
      "col": 0
    },
    {
      "time": 34.389977,
      "col": 1
    },
    {
      "time": 34.7175,
      "col": 2
    },
    {
      "time": 34.79938,
      "col": 3
    },
    {
      "time": 35.29067,
      "col": 4
    },
    {
      "time": 35.70007,
      "col": 0
    },
    {
      "time": 35.86383,
      "col": 1
    },
    {
      "time": 37.173927,
      "col": 2
    },
    {
      "time": 38.48402,
      "col": 3
    },
    {
      "time": 38.729668,
      "col": 4
    },
    {
      "time": 39.13907,
      "col": 0
    },
    {
      "time": 39.46659,
      "col": 1
    },
    {
      "time": 39.71224,
      "col": 2
    },
    {
      "time": 39.95788,
      "col": 3
    },
    {
      "time": 40.20352,
      "col": 4
    },
    {
      "time": 40.69481,
      "col": 0
    },
    {
      "time": 41.10421,
      "col": 1
    },
    {
      "time": 41.431732,
      "col": 2
    },
    {
      "time": 41.92302,
      "col": 3
    },
    {
      "time": 42.332424,
      "col": 4
    },
    {
      "time": 42.65995,
      "col": 0
    },
    {
      "time": 43.06935,
      "col": 1
    },
    {
      "time": 43.478756,
      "col": 2
    },
    {
      "time": 43.806282,
      "col": 3
    },
    {
      "time": 44.297565,
      "col": 4
    },
    {
      "time": 44.70697,
      "col": 0
    },
    {
      "time": 45.034492,
      "col": 1
    },
    {
      "time": 45.443897,
      "col": 2
    },
    {
      "time": 45.853302,
      "col": 3
    },
    {
      "time": 46.180824,
      "col": 4
    },
    {
      "time": 46.590233,
      "col": 0
    },
    {
      "time": 46.917755,
      "col": 1
    },
    {
      "time": 47.24528,
      "col": 2
    },
    {
      "time": 47.49092,
      "col": 3
    },
    {
      "time": 47.818443,
      "col": 4
    },
    {
      "time": 48.22785,
      "col": 0
    },
    {
      "time": 48.637253,
      "col": 1
    },
    {
      "time": 48.964775,
      "col": 2
    },
    {
      "time": 49.2923,
      "col": 3
    },
    {
      "time": 49.619823,
      "col": 4
    },
    {
      "time": 49.947346,
      "col": 0
    },
    {
      "time": 50.192993,
      "col": 1
    },
    {
      "time": 50.520515,
      "col": 2
    },
    {
      "time": 50.766155,
      "col": 3
    },
    {
      "time": 51.09368,
      "col": 4
    },
    {
      "time": 51.339325,
      "col": 0
    },
    {
      "time": 51.666847,
      "col": 1
    },
    {
      "time": 51.99437,
      "col": 2
    },
    {
      "time": 52.321896,
      "col": 3
    },
    {
      "time": 52.567535,
      "col": 4
    },
    {
      "time": 52.81318,
      "col": 0
    },
    {
      "time": 52.97694,
      "col": 1
    },
    {
      "time": 53.222584,
      "col": 2
    },
    {
      "time": 53.468227,
      "col": 3
    },
    {
      "time": 53.79575,
      "col": 4
    },
    {
      "time": 54.123276,
      "col": 0
    },
    {
      "time": 54.368916,
      "col": 1
    },
    {
      "time": 54.696438,
      "col": 2
    },
    {
      "time": 55.023964,
      "col": 3
    },
    {
      "time": 55.269608,
      "col": 4
    },
    {
      "time": 55.59713,
      "col": 0
    },
    {
      "time": 55.84277,
      "col": 1
    },
    {
      "time": 56.170296,
      "col": 2
    },
    {
      "time": 56.25218,
      "col": 3
    },
    {
      "time": 56.66158,
      "col": 4
    },
    {
      "time": 56.989105,
      "col": 0
    },
    {
      "time": 57.316628,
      "col": 1
    },
    {
      "time": 57.64415,
      "col": 2
    },
    {
      "time": 57.971676,
      "col": 3
    },
    {
      "time": 58.135437,
      "col": 4
    },
    {
      "time": 58.54484,
      "col": 0
    },
    {
      "time": 58.708607,
      "col": 1
    },
    {
      "time": 59.19989,
      "col": 2
    },
    {
      "time": 59.609295,
      "col": 3
    },
    {
      "time": 60.0187,
      "col": 4
    },
    {
      "time": 60.509983,
      "col": 0
    },
    {
      "time": 60.919388,
      "col": 1
    },
    {
      "time": 61.41067,
      "col": 2
    },
    {
      "time": 61.65632,
      "col": 3
    },
    {
      "time": 62.06572,
      "col": 4
    },
    {
      "time": 62.39324,
      "col": 0
    },
    {
      "time": 62.63889,
      "col": 1
    },
    {
      "time": 62.96641,
      "col": 2
    },
    {
      "time": 63.293934,
      "col": 3
    },
    {
      "time": 63.539577,
      "col": 4
    },
    {
      "time": 63.78522,
      "col": 0
    },
    {
      "time": 64.11274,
      "col": 1
    },
    {
      "time": 64.52215,
      "col": 2
    },
    {
      "time": 64.76779,
      "col": 3
    },
    {
      "time": 65.095314,
      "col": 4
    },
    {
      "time": 65.25907,
      "col": 0
    },
    {
      "time": 65.75036,
      "col": 1
    },
    {
      "time": 66.241646,
      "col": 2
    },
    {
      "time": 66.56917,
      "col": 3
    },
    {
      "time": 66.89669,
      "col": 4
    },
    {
      "time": 67.142334,
      "col": 0
    },
    {
      "time": 67.3061,
      "col": 1
    },
    {
      "time": 67.63362,
      "col": 2
    },
    {
      "time": 68.04303,
      "col": 3
    },
    {
      "time": 68.37055,
      "col": 4
    },
    {
      "time": 68.698074,
      "col": 0
    },
    {
      "time": 69.0256,
      "col": 1
    },
    {
      "time": 69.35312,
      "col": 2
    },
    {
      "time": 69.59876,
      "col": 3
    },
    {
      "time": 69.844406,
      "col": 4
    },
    {
      "time": 70.09005,
      "col": 0
    },
    {
      "time": 70.33569,
      "col": 1
    },
    {
      "time": 70.58134,
      "col": 2
    },
    {
      "time": 70.99074,
      "col": 3
    },
    {
      "time": 71.31826,
      "col": 4
    },
    {
      "time": 71.64578,
      "col": 0
    },
    {
      "time": 71.97331,
      "col": 1
    },
    {
      "time": 72.218956,
      "col": 2
    },
    {
      "time": 72.46459,
      "col": 3
    },
    {
      "time": 72.874,
      "col": 4
    },
    {
      "time": 73.11964,
      "col": 0
    },
    {
      "time": 73.36528,
      "col": 1
    },
    {
      "time": 73.69281,
      "col": 2
    },
    {
      "time": 73.93845,
      "col": 3
    },
    {
      "time": 74.10221,
      "col": 4
    },
    {
      "time": 74.347855,
      "col": 0
    },
    {
      "time": 74.67538,
      "col": 1
    },
    {
      "time": 74.92102,
      "col": 2
    },
    {
      "time": 75.24854,
      "col": 3
    },
    {
      "time": 75.65795,
      "col": 4
    },
    {
      "time": 75.82172,
      "col": 0
    },
    {
      "time": 76.14924,
      "col": 1
    },
    {
      "time": 76.47676,
      "col": 2
    },
    {
      "time": 76.88616,
      "col": 3
    },
    {
      "time": 77.29557,
      "col": 4
    },
    {
      "time": 77.70497,
      "col": 0
    },
    {
      "time": 77.950615,
      "col": 1
    },
    {
      "time": 78.19626,
      "col": 2
    },
    {
      "time": 78.4419,
      "col": 3
    },
    {
      "time": 78.68754,
      "col": 4
    },
    {
      "time": 79.09695,
      "col": 0
    },
    {
      "time": 79.588234,
      "col": 1
    },
    {
      "time": 80.07952,
      "col": 2
    },
    {
      "time": 80.1614,
      "col": 3
    },
    {
      "time": 80.48892,
      "col": 4
    },
    {
      "time": 80.816444,
      "col": 0
    },
    {
      "time": 81.30773,
      "col": 1
    },
    {
      "time": 81.71714,
      "col": 2
    },
    {
      "time": 81.962776,
      "col": 3
    },
    {
      "time": 82.20842,
      "col": 4
    },
    {
      "time": 82.45406,
      "col": 0
    },
    {
      "time": 82.863464,
      "col": 1
    },
    {
      "time": 83.27287,
      "col": 2
    },
    {
      "time": 83.600395,
      "col": 3
    },
    {
      "time": 83.84604,
      "col": 4
    },
    {
      "time": 84.09168,
      "col": 0
    },
    {
      "time": 84.419205,
      "col": 1
    },
    {
      "time": 84.82861,
      "col": 2
    },
    {
      "time": 85.3199,
      "col": 3
    },
    {
      "time": 85.56554,
      "col": 4
    },
    {
      "time": 85.974945,
      "col": 0
    },
    {
      "time": 86.30247,
      "col": 1
    },
    {
      "time": 86.466225,
      "col": 2
    },
    {
      "time": 86.793755,
      "col": 3
    },
    {
      "time": 87.0394,
      "col": 4
    },
    {
      "time": 87.28504,
      "col": 0
    },
    {
      "time": 87.69444,
      "col": 1
    },
    {
      "time": 88.021965,
      "col": 2
    },
    {
      "time": 88.34949,
      "col": 3
    },
    {
      "time": 88.758896,
      "col": 4
    },
    {
      "time": 89.00454,
      "col": 0
    },
    {
      "time": 89.1683,
      "col": 1
    },
    {
      "time": 89.41394,
      "col": 2
    },
    {
      "time": 90.15086,
      "col": 3
    },
    {
      "time": 90.805916,
      "col": 4
    },
    {
      "time": 91.05156,
      "col": 0
    },
    {
      "time": 91.215324,
      "col": 1
    },
    {
      "time": 91.54285,
      "col": 2
    },
    {
      "time": 91.706604,
      "col": 3
    },
    {
      "time": 92.03413,
      "col": 4
    },
    {
      "time": 92.27977,
      "col": 0
    },
    {
      "time": 92.52541,
      "col": 1
    },
    {
      "time": 92.85294,
      "col": 2
    },
    {
      "time": 93.180466,
      "col": 3
    },
    {
      "time": 93.50799,
      "col": 4
    },
    {
      "time": 93.671745,
      "col": 0
    },
    {
      "time": 94.16303,
      "col": 0
    },
    {
      "time": 94.49056,
      "col": 1
    },
    {
      "time": 94.818085,
      "col": 2
    },
    {
      "time": 95.14561,
      "col": 3
    },
    {
      "time": 95.39124,
      "col": 4
    },
    {
      "time": 95.718765,
      "col": 0
    },
    {
      "time": 95.96441,
      "col": 1
    },
    {
      "time": 96.21005,
      "col": 2
    },
    {
      "time": 96.53758,
      "col": 3
    },
    {
      "time": 96.70134,
      "col": 4
    },
    {
      "time": 97.11075,
      "col": 0
    },
    {
      "time": 97.356384,
      "col": 1
    },
    {
      "time": 97.60203,
      "col": 2
    },
    {
      "time": 97.84767,
      "col": 3
    },
    {
      "time": 98.093315,
      "col": 4
    },
    {
      "time": 98.420845,
      "col": 0
    },
    {
      "time": 98.830246,
      "col": 1
    },
    {
      "time": 98.994,
      "col": 2
    },
    {
      "time": 99.07589,
      "col": 3
    },
    {
      "time": 99.40341,
      "col": 4
    },
    {
      "time": 99.89469,
      "col": 0
    },
    {
      "time": 100.05846,
      "col": 1
    },
    {
      "time": 100.3041,
      "col": 2
    },
    {
      "time": 100.54974,
      "col": 3
    },
    {
      "time": 100.79539,
      "col": 4
    },
    {
      "time": 101.20479,
      "col": 0
    },
    {
      "time": 101.53231,
      "col": 1
    },
    {
      "time": 102.0236,
      "col": 2
    },
    {
      "time": 102.43301,
      "col": 3
    },
    {
      "time": 102.76053,
      "col": 4
    },
    {
      "time": 103.25181,
      "col": 0
    },
    {
      "time": 103.66122,
      "col": 1
    },
    {
      "time": 103.98874,
      "col": 2
    },
    {
      "time": 104.31627,
      "col": 3
    },
    {
      "time": 104.64379,
      "col": 4
    },
    {
      "time": 104.88943,
      "col": 0
    },
    {
      "time": 105.21695,
      "col": 1
    },
    {
      "time": 105.380714,
      "col": 2
    },
    {
      "time": 105.70824,
      "col": 3
    },
    {
      "time": 105.95389,
      "col": 4
    },
    {
      "time": 106.36329,
      "col": 0
    },
    {
      "time": 106.60893,
      "col": 1
    },
    {
      "time": 106.85457,
      "col": 2
    },
    {
      "time": 107.10021,
      "col": 3
    },
    {
      "time": 107.26398,
      "col": 4
    },
    {
      "time": 107.427734,
      "col": 0
    },
    {
      "time": 107.67338,
      "col": 1
    },
    {
      "time": 107.91903,
      "col": 2
    },
    {
      "time": 108.164665,
      "col": 3
    },
    {
      "time": 108.41031,
      "col": 4
    },
    {
      "time": 108.65595,
      "col": 0
    },
    {
      "time": 108.81971,
      "col": 1
    },
    {
      "time": 109.311,
      "col": 2
    },
    {
      "time": 109.720406,
      "col": 3
    },
    {
      "time": 110.21169,
      "col": 4
    },
    {
      "time": 110.539215,
      "col": 0
    },
    {
      "time": 110.78485,
      "col": 1
    },
    {
      "time": 111.11237,
      "col": 2
    },
    {
      "time": 111.52178,
      "col": 3
    },
    {
      "time": 111.84931,
      "col": 4
    },
    {
      "time": 112.25871,
      "col": 0
    },
    {
      "time": 112.74999,
      "col": 1
    },
    {
      "time": 113.077515,
      "col": 2
    },
    {
      "time": 113.48692,
      "col": 3
    },
    {
      "time": 113.65069,
      "col": 4
    },
    {
      "time": 113.97821,
      "col": 0
    },
    {
      "time": 114.30573,
      "col": 1
    },
    {
      "time": 114.71513,
      "col": 2
    },
    {
      "time": 114.8789,
      "col": 3
    },
    {
      "time": 115.20642,
      "col": 4
    },
    {
      "time": 115.53394,
      "col": 0
    },
    {
      "time": 115.86147,
      "col": 1
    },
    {
      "time": 116.10712,
      "col": 2
    },
    {
      "time": 116.43464,
      "col": 3
    },
    {
      "time": 116.76216,
      "col": 4
    },
    {
      "time": 117.08968,
      "col": 0
    },
    {
      "time": 117.33533,
      "col": 1
    },
    {
      "time": 117.49909,
      "col": 2
    },
    {
      "time": 117.826614,
      "col": 3
    },
    {
      "time": 118.236015,
      "col": 4
    },
    {
      "time": 118.56354,
      "col": 0
    },
    {
      "time": 118.80918,
      "col": 1
    },
    {
      "time": 119.1367,
      "col": 2
    },
    {
      "time": 119.46423,
      "col": 3
    },
    {
      "time": 119.791756,
      "col": 4
    },
    {
      "time": 120.0374,
      "col": 0
    },
    {
      "time": 120.283035,
      "col": 1
    },
    {
      "time": 120.52868,
      "col": 2
    },
    {
      "time": 120.692444,
      "col": 3
    },
    {
      "time": 121.18373,
      "col": 4
    },
    {
      "time": 121.429375,
      "col": 0
    },
    {
      "time": 121.838776,
      "col": 1
    },
    {
      "time": 122.08442,
      "col": 2
    },
    {
      "time": 122.33006,
      "col": 3
    },
    {
      "time": 122.657585,
      "col": 4
    },
    {
      "time": 122.98511,
      "col": 0
    },
    {
      "time": 123.476395,
      "col": 1
    },
    {
      "time": 123.80392,
      "col": 2
    },
    {
      "time": 124.13144,
      "col": 3
    },
    {
      "time": 124.37708,
      "col": 4
    },
    {
      "time": 124.86836,
      "col": 0
    },
    {
      "time": 125.03213,
      "col": 1
    },
    {
      "time": 125.441536,
      "col": 2
    },
    {
      "time": 125.68718,
      "col": 3
    },
    {
      "time": 125.93282,
      "col": 4
    },
    {
      "time": 126.260345,
      "col": 0
    },
    {
      "time": 126.66975,
      "col": 1
    },
    {
      "time": 126.99728,
      "col": 2
    },
    {
      "time": 127.16103,
      "col": 3
    },
    {
      "time": 127.57044,
      "col": 4
    },
    {
      "time": 127.81608,
      "col": 0
    },
    {
      "time": 128.1436,
      "col": 1
    },
    {
      "time": 128.38925,
      "col": 2
    },
    {
      "time": 128.63489,
      "col": 3
    },
    {
      "time": 128.88052,
      "col": 4
    },
    {
      "time": 129.28993,
      "col": 0
    },
    {
      "time": 129.78122,
      "col": 1
    },
    {
      "time": 130.19063,
      "col": 2
    },
    {
      "time": 130.43626,
      "col": 3
    },
    {
      "time": 130.68192,
      "col": 4
    },
    {
      "time": 130.92755,
      "col": 0
    },
    {
      "time": 131.41884,
      "col": 1
    },
    {
      "time": 131.66449,
      "col": 2
    },
    {
      "time": 131.82825,
      "col": 3
    },
    {
      "time": 132.15576,
      "col": 4
    },
    {
      "time": 132.40141,
      "col": 0
    },
    {
      "time": 132.64705,
      "col": 1
    },
    {
      "time": 133.05646,
      "col": 2
    },
    {
      "time": 133.38397,
      "col": 3
    },
    {
      "time": 133.7115,
      "col": 4
    },
    {
      "time": 134.03903,
      "col": 0
    },
    {
      "time": 134.28467,
      "col": 1
    },
    {
      "time": 134.5303,
      "col": 2
    },
    {
      "time": 134.93971,
      "col": 3
    },
    {
      "time": 135.18535,
      "col": 4
    },
    {
      "time": 135.431,
      "col": 0
    },
    {
      "time": 135.75853,
      "col": 1
    },
    {
      "time": 136.16792,
      "col": 2
    },
    {
      "time": 136.65921,
      "col": 3
    },
    {
      "time": 136.90486,
      "col": 4
    },
    {
      "time": 137.31427,
      "col": 0
    },
    {
      "time": 137.39615,
      "col": 1
    },
    {
      "time": 137.80554,
      "col": 2
    },
    {
      "time": 138.13307,
      "col": 3
    },
    {
      "time": 138.46059,
      "col": 4
    },
    {
      "time": 138.78812,
      "col": 0
    },
    {
      "time": 139.03375,
      "col": 1
    },
    {
      "time": 139.2794,
      "col": 2
    },
    {
      "time": 139.60693,
      "col": 3
    },
    {
      "time": 143.86473,
      "col": 4
    },
    {
      "time": 148.12254,
      "col": 0
    },
    {
      "time": 148.36818,
      "col": 1
    },
    {
      "time": 148.69571,
      "col": 2
    },
    {
      "time": 149.02324,
      "col": 3
    },
    {
      "time": 149.35075,
      "col": 4
    },
    {
      "time": 149.76016,
      "col": 0
    },
    {
      "time": 150.08768,
      "col": 1
    },
    {
      "time": 150.25143,
      "col": 2
    },
    {
      "time": 150.49709,
      "col": 3
    },
    {
      "time": 150.74274,
      "col": 4
    },
    {
      "time": 150.98837,
      "col": 0
    },
    {
      "time": 151.23401,
      "col": 1
    },
    {
      "time": 151.64342,
      "col": 2
    },
    {
      "time": 152.1347,
      "col": 3
    },
    {
      "time": 152.46222,
      "col": 4
    },
    {
      "time": 152.95352,
      "col": 0
    },
    {
      "time": 153.28104,
      "col": 1
    },
    {
      "time": 153.52667,
      "col": 2
    },
    {
      "time": 153.77232,
      "col": 3
    },
    {
      "time": 154.09984,
      "col": 4
    },
    {
      "time": 154.50925,
      "col": 0
    },
    {
      "time": 154.83678,
      "col": 1
    },
    {
      "time": 155.32806,
      "col": 2
    },
    {
      "time": 155.5737,
      "col": 3
    },
    {
      "time": 155.73746,
      "col": 4
    },
    {
      "time": 156.06499,
      "col": 0
    },
    {
      "time": 156.47438,
      "col": 1
    },
    {
      "time": 156.72003,
      "col": 2
    },
    {
      "time": 156.8838,
      "col": 3
    },
    {
      "time": 157.21132,
      "col": 4
    },
    {
      "time": 157.7026,
      "col": 0
    },
    {
      "time": 157.94824,
      "col": 1
    },
    {
      "time": 158.27577,
      "col": 2
    },
    {
      "time": 158.52142,
      "col": 3
    },
    {
      "time": 158.93082,
      "col": 4
    },
    {
      "time": 159.25835,
      "col": 0
    },
    {
      "time": 159.58586,
      "col": 1
    },
    {
      "time": 159.99527,
      "col": 2
    },
    {
      "time": 160.3228,
      "col": 3
    },
    {
      "time": 160.56844,
      "col": 4
    },
    {
      "time": 160.81409,
      "col": 0
    },
    {
      "time": 160.89597,
      "col": 1
    },
    {
      "time": 161.22348,
      "col": 2
    },
    {
      "time": 161.71477,
      "col": 3
    },
    {
      "time": 161.9604,
      "col": 4
    },
    {
      "time": 162.4517,
      "col": 0
    },
    {
      "time": 162.69734,
      "col": 1
    },
    {
      "time": 162.94298,
      "col": 2
    },
    {
      "time": 163.27051,
      "col": 3
    },
    {
      "time": 163.6799,
      "col": 4
    },
    {
      "time": 163.84367,
      "col": 0
    },
    {
      "time": 164.00743,
      "col": 1
    },
    {
      "time": 164.33496,
      "col": 2
    },
    {
      "time": 164.49872,
      "col": 3
    },
    {
      "time": 164.82625,
      "col": 4
    },
    {
      "time": 165.07188,
      "col": 0
    },
    {
      "time": 165.39941,
      "col": 1
    },
    {
      "time": 165.64505,
      "col": 2
    },
    {
      "time": 165.8088,
      "col": 3
    },
    {
      "time": 166.13634,
      "col": 4
    },
    {
      "time": 166.62762,
      "col": 0
    },
    {
      "time": 167.03703,
      "col": 1
    },
    {
      "time": 167.44643,
      "col": 2
    },
    {
      "time": 168.26524,
      "col": 3
    },
    {
      "time": 169.00217,
      "col": 4
    },
    {
      "time": 169.3297,
      "col": 0
    },
    {
      "time": 169.57533,
      "col": 1
    },
    {
      "time": 169.82098,
      "col": 2
    },
    {
      "time": 170.06662,
      "col": 3
    },
    {
      "time": 170.31227,
      "col": 4
    },
    {
      "time": 170.63979,
      "col": 0
    },
    {
      "time": 171.0492,
      "col": 1
    },
    {
      "time": 171.37671,
      "col": 2
    },
    {
      "time": 171.70424,
      "col": 3
    },
    {
      "time": 171.94989,
      "col": 4
    },
    {
      "time": 172.2774,
      "col": 0
    },
    {
      "time": 172.44116,
      "col": 1
    },
    {
      "time": 172.76869,
      "col": 2
    },
    {
      "time": 172.93245,
      "col": 3
    },
    {
      "time": 173.17809,
      "col": 4
    },
    {
      "time": 173.50562,
      "col": 0
    },
    {
      "time": 173.83315,
      "col": 1
    },
    {
      "time": 173.9969,
      "col": 2
    },
    {
      "time": 174.40631,
      "col": 3
    },
    {
      "time": 174.73383,
      "col": 4
    },
    {
      "time": 175.06136,
      "col": 0
    },
    {
      "time": 175.30699,
      "col": 1
    },
    {
      "time": 175.55264,
      "col": 2
    },
    {
      "time": 175.88017,
      "col": 3
    },
    {
      "time": 176.20769,
      "col": 4
    },
    {
      "time": 176.37144,
      "col": 0
    },
    {
      "time": 176.45332,
      "col": 1
    },
    {
      "time": 176.78085,
      "col": 2
    },
    {
      "time": 177.10837,
      "col": 3
    },
    {
      "time": 177.51779,
      "col": 4
    },
    {
      "time": 178.09094,
      "col": 0
    },
    {
      "time": 178.58223,
      "col": 1
    },
    {
      "time": 178.82788,
      "col": 2
    },
    {
      "time": 179.15541,
      "col": 3
    },
    {
      "time": 179.5648,
      "col": 4
    },
    {
      "time": 179.89233,
      "col": 0
    },
    {
      "time": 180.21985,
      "col": 1
    },
    {
      "time": 180.71114,
      "col": 2
    },
    {
      "time": 181.2843,
      "col": 3
    },
    {
      "time": 181.52995,
      "col": 4
    },
    {
      "time": 181.93935,
      "col": 0
    },
    {
      "time": 182.26688,
      "col": 0
    },
    {
      "time": 182.59439,
      "col": 1
    },
    {
      "time": 182.75816,
      "col": 2
    },
    {
      "time": 182.92192,
      "col": 3
    },
    {
      "time": 183.49509,
      "col": 4
    },
    {
      "time": 183.98637,
      "col": 0
    },
    {
      "time": 184.23201,
      "col": 1
    },
    {
      "time": 184.47766,
      "col": 2
    },
    {
      "time": 184.80518,
      "col": 3
    },
    {
      "time": 185.05083,
      "col": 4
    },
    {
      "time": 185.46024,
      "col": 0
    },
    {
      "time": 185.70587,
      "col": 1
    },
    {
      "time": 185.9515,
      "col": 2
    },
    {
      "time": 186.36092,
      "col": 3
    },
    {
      "time": 186.52467,
      "col": 4
    },
    {
      "time": 186.77032,
      "col": 0
    },
    {
      "time": 186.93408,
      "col": 1
    },
    {
      "time": 187.26161,
      "col": 2
    },
    {
      "time": 187.50725,
      "col": 3
    },
    {
      "time": 187.83478,
      "col": 4
    },
    {
      "time": 187.99854,
      "col": 0
    },
    {
      "time": 188.24417,
      "col": 1
    },
    {
      "time": 188.6536,
      "col": 2
    },
    {
      "time": 189.06299,
      "col": 3
    },
    {
      "time": 189.30864,
      "col": 4
    },
    {
      "time": 189.55428,
      "col": 0
    },
    {
      "time": 189.88179,
      "col": 1
    },
    {
      "time": 190.20932,
      "col": 2
    },
    {
      "time": 190.53683,
      "col": 3
    },
    {
      "time": 190.78249,
      "col": 4
    },
    {
      "time": 191.11002,
      "col": 0
    },
    {
      "time": 191.35565,
      "col": 1
    },
    {
      "time": 191.84694,
      "col": 2
    },
    {
      "time": 192.09258,
      "col": 3
    },
    {
      "time": 192.17445,
      "col": 4
    },
    {
      "time": 192.33823,
      "col": 0
    },
    {
      "time": 192.58388,
      "col": 1
    },
    {
      "time": 192.82951,
      "col": 2
    },
    {
      "time": 193.15703,
      "col": 3
    },
    {
      "time": 193.48456,
      "col": 4
    },
    {
      "time": 193.81207,
      "col": 0
    },
    {
      "time": 194.05772,
      "col": 1
    },
    {
      "time": 194.38524,
      "col": 2
    },
    {
      "time": 194.71277,
      "col": 3
    },
    {
      "time": 195.0403,
      "col": 4
    },
    {
      "time": 195.28593,
      "col": 0
    },
    {
      "time": 195.53159,
      "col": 1
    },
    {
      "time": 195.8591,
      "col": 2
    },
    {
      "time": 195.94098,
      "col": 3
    },
    {
      "time": 196.10474,
      "col": 4
    },
    {
      "time": 196.43227,
      "col": 0
    },
    {
      "time": 196.7598,
      "col": 1
    },
    {
      "time": 197.00543,
      "col": 2
    },
    {
      "time": 197.33296,
      "col": 3
    },
    {
      "time": 197.66048,
      "col": 4
    },
    {
      "time": 197.90613,
      "col": 0
    },
    {
      "time": 198.23364,
      "col": 1
    },
    {
      "time": 198.4793,
      "col": 2
    },
    {
      "time": 198.72493,
      "col": 3
    },
    {
      "time": 198.97058,
      "col": 4
    },
    {
      "time": 199.46187,
      "col": 0
    },
    {
      "time": 199.7075,
      "col": 1
    },
    {
      "time": 199.95314,
      "col": 2
    },
    {
      "time": 200.28067,
      "col": 3
    },
    {
      "time": 200.6082,
      "col": 4
    },
    {
      "time": 201.0176,
      "col": 0
    },
    {
      "time": 201.427,
      "col": 1
    },
    {
      "time": 201.75453,
      "col": 2
    },
    {
      "time": 202.08206,
      "col": 3
    },
    {
      "time": 202.40958,
      "col": 4
    },
    {
      "time": 202.7371,
      "col": 0
    },
    {
      "time": 203.06462,
      "col": 1
    },
    {
      "time": 203.22838,
      "col": 2
    },
    {
      "time": 203.55591,
      "col": 3
    },
    {
      "time": 203.88342,
      "col": 4
    },
    {
      "time": 204.21095,
      "col": 0
    },
    {
      "time": 204.62036,
      "col": 1
    },
    {
      "time": 204.78412,
      "col": 2
    },
    {
      "time": 205.11165,
      "col": 3
    },
    {
      "time": 205.43916,
      "col": 4
    },
    {
      "time": 205.84857,
      "col": 0
    },
    {
      "time": 206.09422,
      "col": 1
    },
    {
      "time": 206.50362,
      "col": 2
    },
    {
      "time": 206.91302,
      "col": 3
    },
    {
      "time": 207.32243,
      "col": 4
    },
    {
      "time": 207.8137,
      "col": 0
    },
    {
      "time": 208.30501,
      "col": 1
    },
    {
      "time": 208.63252,
      "col": 2
    },
    {
      "time": 208.79628,
      "col": 3
    },
    {
      "time": 208.96005,
      "col": 4
    },
    {
      "time": 209.20569,
      "col": 0
    },
    {
      "time": 209.45132,
      "col": 1
    },
    {
      "time": 209.77885,
      "col": 2
    },
    {
      "time": 210.10638,
      "col": 3
    },
    {
      "time": 210.27014,
      "col": 4
    },
    {
      "time": 210.67955,
      "col": 0
    },
    {
      "time": 210.8433,
      "col": 1
    },
    {
      "time": 211.3346,
      "col": 2
    },
    {
      "time": 211.58025,
      "col": 3
    },
    {
      "time": 211.82588,
      "col": 4
    },
    {
      "time": 212.07152,
      "col": 0
    },
    {
      "time": 212.1534,
      "col": 1
    },
    {
      "time": 212.39905,
      "col": 2
    },
    {
      "time": 212.80844,
      "col": 3
    },
    {
      "time": 213.0541,
      "col": 4
    },
    {
      "time": 213.3816,
      "col": 0
    },
    {
      "time": 213.79102,
      "col": 1
    },
    {
      "time": 214.20042,
      "col": 2
    },
    {
      "time": 214.52795,
      "col": 3
    },
    {
      "time": 214.93735,
      "col": 4
    },
    {
      "time": 215.01923,
      "col": 0
    },
    {
      "time": 215.51053,
      "col": 1
    },
    {
      "time": 215.83804,
      "col": 2
    },
    {
      "time": 216.16557,
      "col": 3
    },
    {
      "time": 216.57497,
      "col": 4
    },
    {
      "time": 216.73872,
      "col": 0
    },
    {
      "time": 216.9025,
      "col": 1
    },
    {
      "time": 217.39377,
      "col": 2
    },
    {
      "time": 217.55754,
      "col": 3
    },
    {
      "time": 217.7213,
      "col": 4
    },
    {
      "time": 217.96695,
      "col": 0
    },
    {
      "time": 218.29446,
      "col": 1
    },
    {
      "time": 218.37634,
      "col": 2
    },
    {
      "time": 218.622,
      "col": 3
    },
    {
      "time": 218.94951,
      "col": 4
    },
    {
      "time": 219.19516,
      "col": 0
    },
    {
      "time": 219.35892,
      "col": 1
    },
    {
      "time": 219.52269,
      "col": 2
    },
    {
      "time": 219.93208,
      "col": 3
    },
    {
      "time": 220.17773,
      "col": 4
    },
    {
      "time": 220.34149,
      "col": 0
    },
    {
      "time": 220.83278,
      "col": 1
    },
    {
      "time": 221.16031,
      "col": 2
    },
    {
      "time": 221.40594,
      "col": 3
    },
    {
      "time": 221.65158,
      "col": 4
    },
    {
      "time": 221.97911,
      "col": 0
    },
    {
      "time": 222.22475,
      "col": 1
    },
    {
      "time": 222.4704,
      "col": 2
    },
    {
      "time": 222.71603,
      "col": 3
    },
    {
      "time": 222.87979,
      "col": 4
    },
    {
      "time": 223.12544,
      "col": 0
    },
    {
      "time": 223.20732,
      "col": 1
    },
    {
      "time": 223.3711,
      "col": 2
    },
    {
      "time": 223.53485,
      "col": 3
    },
    {
      "time": 223.69861,
      "col": 4
    },
    {
      "time": 223.94424,
      "col": 0
    },
    {
      "time": 224.10802,
      "col": 1
    },
    {
      "time": 224.27177,
      "col": 2
    },
    {
      "time": 224.68118,
      "col": 3
    },
    {
      "time": 224.92682,
      "col": 4
    },
    {
      "time": 225.09059,
      "col": 0
    },
    {
      "time": 225.4181,
      "col": 1
    },
    {
      "time": 225.66376,
      "col": 2
    },
    {
      "time": 225.99127,
      "col": 3
    },
    {
      "time": 226.23691,
      "col": 4
    },
    {
      "time": 226.56444,
      "col": 0
    },
    {
      "time": 226.7282,
      "col": 1
    },
    {
      "time": 227.05573,
      "col": 2
    },
    {
      "time": 227.46513,
      "col": 3
    },
    {
      "time": 227.62889,
      "col": 4
    },
    {
      "time": 227.95642,
      "col": 0
    },
    {
      "time": 228.20206,
      "col": 1
    },
    {
      "time": 228.4477,
      "col": 2
    }
  ]
}