{
  "song_id": "Paradisus-Paradoxum",
  "instrument": "vocals",
  "difficulty": "Expert",
  "columns": 5,
  "bpm": 151.52994,
  "generated_at": 1768732726,
  "notes": [
    {
      "time": 8.018217,
      "col": 0
    },
    {
      "time": 8.315188,
      "col": 1
    },
    {
      "time": 9.206101,
      "col": 2
    },
    {
      "time": 10.097014,
      "col": 3
    },
    {
      "time": 10.294995,
      "col": 4
    },
    {
      "time": 10.492976,
      "col": 0
    },
    {
      "time": 10.789947,
      "col": 1
    },
    {
      "time": 10.987927,
      "col": 2
    },
    {
      "time": 11.284899,
      "col": 3
    },
    {
      "time": 11.581869,
      "col": 4
    },
    {
      "time": 11.87884,
      "col": 0
    },
    {
      "time": 12.274801,
      "col": 1
    },
    {
      "time": 12.670763,
      "col": 2
    },
    {
      "time": 12.868744,
      "col": 3
    },
    {
      "time": 13.165715,
      "col": 4
    },
    {
      "time": 13.363696,
      "col": 0
    },
    {
      "time": 13.561676,
      "col": 1
    },
    {
      "time": 13.858647,
      "col": 2
    },
    {
      "time": 14.155619,
      "col": 3
    },
    {
      "time": 14.353599,
      "col": 4
    },
    {
      "time": 14.65057,
      "col": 0
    },
    {
      "time": 15.046531,
      "col": 1
    },
    {
      "time": 15.244512,
      "col": 2
    },
    {
      "time": 15.541483,
      "col": 3
    },
    {
      "time": 15.838453,
      "col": 4
    },
    {
      "time": 16.135424,
      "col": 0
    },
    {
      "time": 16.432396,
      "col": 1
    },
    {
      "time": 16.729366,
      "col": 2
    },
    {
      "time": 17.026339,
      "col": 3
    },
    {
      "time": 17.323309,
      "col": 4
    },
    {
      "time": 17.62028,
      "col": 0
    },
    {
      "time": 18.016241,
      "col": 1
    },
    {
      "time": 18.412203,
      "col": 2
    },
    {
      "time": 18.610184,
      "col": 3
    },
    {
      "time": 19.006145,
      "col": 4
    },
    {
      "time": 19.303116,
      "col": 0
    },
    {
      "time": 19.600086,
      "col": 1
    },
    {
      "time": 19.897057,
      "col": 2
    },
    {
      "time": 20.095037,
      "col": 3
    },
    {
      "time": 20.39201,
      "col": 4
    },
    {
      "time": 20.68898,
      "col": 0
    },
    {
      "time": 20.886961,
      "col": 1
    },
    {
      "time": 21.28292,
      "col": 2
    },
    {
      "time": 21.777874,
      "col": 3
    },
    {
      "time": 22.272825,
      "col": 4
    },
    {
      "time": 22.569798,
      "col": 0
    },
    {
      "time": 22.965757,
      "col": 1
    },
    {
      "time": 23.064747,
      "col": 2
    },
    {
      "time": 23.460709,
      "col": 3
    },
    {
      "time": 23.5597,
      "col": 4
    },
    {
      "time": 23.75768,
      "col": 0
    },
    {
      "time": 24.648592,
      "col": 1
    },
    {
      "time": 25.440516,
      "col": 2
    },
    {
      "time": 27.915276,
      "col": 3
    },
    {
      "time": 30.291042,
      "col": 4
    },
    {
      "time": 32.270847,
      "col": 0
    },
    {
      "time": 34.250656,
      "col": 1
    },
    {
      "time": 34.349648,
      "col": 2
    },
    {
      "time": 34.646614,
      "col": 3
    },
    {
      "time": 34.844597,
      "col": 4
    },
    {
      "time": 35.042576,
      "col": 0
    },
    {
      "time": 35.438538,
      "col": 1
    },
    {
      "time": 35.8345,
      "col": 2
    },
    {
      "time": 37.31936,
      "col": 3
    },
    {
      "time": 38.80421,
      "col": 4
    },
    {
      "time": 39.200172,
      "col": 0
    },
    {
      "time": 39.695126,
      "col": 1
    },
    {
      "time": 39.992096,
      "col": 2
    },
    {
      "time": 40.190075,
      "col": 3
    },
    {
      "time": 40.388058,
      "col": 4
    },
    {
      "time": 40.685028,
      "col": 0
    },
    {
      "time": 40.982,
      "col": 1
    },
    {
      "time": 41.278973,
      "col": 2
    },
    {
      "time": 41.575943,
      "col": 3
    },
    {
      "time": 42.070892,
      "col": 4
    },
    {
      "time": 42.26887,
      "col": 0
    },
    {
      "time": 42.466854,
      "col": 1
    },
    {
      "time": 42.763824,
      "col": 2
    },
    {
      "time": 43.060795,
      "col": 3
    },
    {
      "time": 43.357765,
      "col": 4
    },
    {
      "time": 43.65474,
      "col": 0
    },
    {
      "time": 43.95171,
      "col": 1
    },
    {
      "time": 44.24868,
      "col": 2
    },
    {
      "time": 44.54565,
      "col": 3
    },
    {
      "time": 44.842625,
      "col": 4
    },
    {
      "time": 45.139595,
      "col": 0
    },
    {
      "time": 45.436565,
      "col": 1
    },
    {
      "time": 45.733532,
      "col": 2
    },
    {
      "time": 46.129494,
      "col": 3
    },
    {
      "time": 46.327477,
      "col": 4
    },
    {
      "time": 46.624447,
      "col": 0
    },
    {
      "time": 46.72344,
      "col": 1
    },
    {
      "time": 47.02041,
      "col": 2
    },
    {
      "time": 47.41637,
      "col": 3
    },
    {
      "time": 47.71334,
      "col": 4
    },
    {
      "time": 48.406277,
      "col": 0
    },
    {
      "time": 49.000217,
      "col": 1
    },
    {
      "time": 49.396175,
      "col": 2
    },
    {
      "time": 49.89113,
      "col": 3
    },
    {
      "time": 50.1881,
      "col": 4
    },
    {
      "time": 50.48507,
      "col": 0
    },
    {
      "time": 50.782043,
      "col": 1
    },
    {
      "time": 51.178005,
      "col": 2
    },
    {
      "time": 51.375984,
      "col": 3
    },
    {
      "time": 51.672955,
      "col": 4
    },
    {
      "time": 51.96993,
      "col": 0
    },
    {
      "time": 52.2669,
      "col": 1
    },
    {
      "time": 52.56387,
      "col": 2
    },
    {
      "time": 53.05882,
      "col": 3
    },
    {
      "time": 53.45478,
      "col": 4
    },
    {
      "time": 53.75175,
      "col": 0
    },
    {
      "time": 54.04872,
      "col": 1
    },
    {
      "time": 54.345695,
      "col": 2
    },
    {
      "time": 54.642666,
      "col": 3
    },
    {
      "time": 54.939636,
      "col": 4
    },
    {
      "time": 55.335598,
      "col": 0
    },
    {
      "time": 55.63257,
      "col": 1
    },
    {
      "time": 55.83055,
      "col": 2
    },
    {
      "time": 56.3255,
      "col": 3
    },
    {
      "time": 56.721462,
      "col": 4
    },
    {
      "time": 57.018433,
      "col": 0
    },
    {
      "time": 57.315403,
      "col": 1
    },
    {
      "time": 57.711365,
      "col": 2
    },
    {
      "time": 57.909348,
      "col": 3
    },
    {
      "time": 58.206318,
      "col": 4
    },
    {
      "time": 58.70127,
      "col": 0
    },
    {
      "time": 59.29521,
      "col": 1
    },
    {
      "time": 59.98814,
      "col": 2
    },
    {
      "time": 60.285114,
      "col": 3
    },
    {
      "time": 60.483093,
      "col": 4
    },
    {
      "time": 60.978046,
      "col": 0
    },
    {
      "time": 61.176025,
      "col": 1
    },
    {
      "time": 61.37401,
      "col": 2
    },
    {
      "time": 61.67098,
      "col": 3
    },
    {
      "time": 61.96795,
      "col": 4
    },
    {
      "time": 62.36391,
      "col": 0
    },
    {
      "time": 62.759872,
      "col": 1
    },
    {
      "time": 63.056847,
      "col": 2
    },
    {
      "time": 63.254826,
      "col": 3
    },
    {
      "time": 63.551792,
      "col": 4
    },
    {
      "time": 63.749775,
      "col": 0
    },
    {
      "time": 64.046745,
      "col": 1
    },
    {
      "time": 64.34372,
      "col": 2
    },
    {
      "time": 64.5417,
      "col": 3
    },
    {
      "time": 64.83868,
      "col": 4
    },
    {
      "time": 65.234634,
      "col": 0
    },
    {
      "time": 65.43261,
      "col": 1
    },
    {
      "time": 65.72958,
      "col": 2
    },
    {
      "time": 65.828575,
      "col": 3
    },
    {
      "time": 66.323524,
      "col": 4
    },
    {
      "time": 66.71949,
      "col": 0
    },
    {
      "time": 67.11545,
      "col": 1
    },
    {
      "time": 67.31343,
      "col": 2
    },
    {
      "time": 67.610405,
      "col": 3
    },
    {
      "time": 68.00636,
      "col": 4
    },
    {
      "time": 68.30334,
      "col": 0
    },
    {
      "time": 68.6003,
      "col": 1
    },
    {
      "time": 68.89727,
      "col": 2
    },
    {
      "time": 69.293236,
      "col": 3
    },
    {
      "time": 69.68919,
      "col": 4
    },
    {
      "time": 70.08516,
      "col": 0
    },
    {
      "time": 70.48112,
      "col": 1
    },
    {
      "time": 70.77809,
      "col": 2
    },
    {
      "time": 71.17406,
      "col": 3
    },
    {
      "time": 71.570015,
      "col": 4
    },
    {
      "time": 71.96598,
      "col": 0
    },
    {
      "time": 72.26295,
      "col": 1
    },
    {
      "time": 72.55991,
      "col": 2
    },
    {
      "time": 72.85689,
      "col": 3
    },
    {
      "time": 73.15386,
      "col": 4
    },
    {
      "time": 73.252846,
      "col": 0
    },
    {
      "time": 73.45083,
      "col": 1
    },
    {
      "time": 73.64881,
      "col": 2
    },
    {
      "time": 73.945786,
      "col": 3
    },
    {
      "time": 74.04477,
      "col": 4
    },
    {
      "time": 74.24275,
      "col": 0
    },
    {
      "time": 74.53973,
      "col": 1
    },
    {
      "time": 74.935684,
      "col": 2
    },
    {
      "time": 75.23266,
      "col": 3
    },
    {
      "time": 75.62862,
      "col": 4
    },
    {
      "time": 75.8266,
      "col": 0
    },
    {
      "time": 76.12357,
      "col": 1
    },
    {
      "time": 76.42054,
      "col": 2
    },
    {
      "time": 76.717514,
      "col": 3
    },
    {
      "time": 76.91549,
      "col": 4
    },
    {
      "time": 77.311455,
      "col": 0
    },
    {
      "time": 77.70741,
      "col": 1
    },
    {
      "time": 78.00439,
      "col": 2
    },
    {
      "time": 78.20237,
      "col": 3
    },
    {
      "time": 78.69732,
      "col": 4
    },
    {
      "time": 79.093285,
      "col": 0
    },
    {
      "time": 79.588234,
      "col": 1
    },
    {
      "time": 80.08318,
      "col": 2
    },
    {
      "time": 80.281166,
      "col": 3
    },
    {
      "time": 80.47914,
      "col": 4
    },
    {
      "time": 80.677124,
      "col": 0
    },
    {
      "time": 81.17207,
      "col": 1
    },
    {
      "time": 81.370056,
      "col": 2
    },
    {
      "time": 81.46905,
      "col": 3
    },
    {
      "time": 81.66703,
      "col": 4
    },
    {
      "time": 81.964,
      "col": 0
    },
    {
      "time": 82.16198,
      "col": 1
    },
    {
      "time": 82.65694,
      "col": 2
    },
    {
      "time": 82.85491,
      "col": 3
    },
    {
      "time": 83.052895,
      "col": 4
    },
    {
      "time": 83.25088,
      "col": 0
    },
    {
      "time": 83.547844,
      "col": 1
    },
    {
      "time": 83.84482,
      "col": 2
    },
    {
      "time": 84.240776,
      "col": 3
    },
    {
      "time": 84.63674,
      "col": 4
    },
    {
      "time": 85.0327,
      "col": 0
    },
    {
      "time": 85.428665,
      "col": 1
    },
    {
      "time": 85.923615,
      "col": 2
    },
    {
      "time": 86.31957,
      "col": 3
    },
    {
      "time": 86.61655,
      "col": 4
    },
    {
      "time": 87.01251,
      "col": 0
    },
    {
      "time": 87.30948,
      "col": 1
    },
    {
      "time": 87.507454,
      "col": 2
    },
    {
      "time": 87.80443,
      "col": 3
    },
    {
      "time": 88.29938,
      "col": 4
    },
    {
      "time": 88.59635,
      "col": 0
    },
    {
      "time": 88.794334,
      "col": 1
    },
    {
      "time": 88.99232,
      "col": 2
    },
    {
      "time": 89.19029,
      "col": 3
    },
    {
      "time": 90.08121,
      "col": 4
    },
    {
      "time": 91.071106,
      "col": 0
    },
    {
      "time": 91.26909,
      "col": 1
    },
    {
      "time": 91.56606,
      "col": 2
    },
    {
      "time": 91.665054,
      "col": 3
    },
    {
      "time": 91.96202,
      "col": 4
    },
    {
      "time": 92.258995,
      "col": 0
    },
    {
      "time": 92.55597,
      "col": 1
    },
    {
      "time": 92.852936,
      "col": 2
    },
    {
      "time": 93.14991,
      "col": 3
    },
    {
      "time": 93.44688,
      "col": 4
    },
    {
      "time": 93.64486,
      "col": 0
    },
    {
      "time": 94.040825,
      "col": 1
    },
    {
      "time": 94.43678,
      "col": 2
    },
    {
      "time": 94.83274,
      "col": 3
    },
    {
      "time": 95.129715,
      "col": 4
    },
    {
      "time": 95.52567,
      "col": 0
    },
    {
      "time": 95.723656,
      "col": 1
    },
    {
      "time": 96.02063,
      "col": 2
    },
    {
      "time": 96.218605,
      "col": 3
    },
    {
      "time": 96.41659,
      "col": 4
    },
    {
      "time": 96.81255,
      "col": 0
    },
    {
      "time": 97.10952,
      "col": 1
    },
    {
      "time": 97.406494,
      "col": 2
    },
    {
      "time": 97.70347,
      "col": 3
    },
    {
      "time": 97.90144,
      "col": 4
    },
    {
      "time": 98.09943,
      "col": 0
    },
    {
      "time": 98.495384,
      "col": 1
    },
    {
      "time": 98.69337,
      "col": 2
    },
    {
      "time": 99.089325,
      "col": 3
    },
    {
      "time": 99.48529,
      "col": 4
    },
    {
      "time": 100.07923,
      "col": 0
    },
    {
      "time": 100.67317,
      "col": 0
    },
    {
      "time": 100.970146,
      "col": 1
    },
    {
      "time": 101.16813,
      "col": 2
    },
    {
      "time": 101.56409,
      "col": 3
    },
    {
      "time": 101.86105,
      "col": 4
    },
    {
      "time": 102.15803,
      "col": 0
    },
    {
      "time": 102.65298,
      "col": 1
    },
    {
      "time": 103.04894,
      "col": 2
    },
    {
      "time": 103.34591,
      "col": 3
    },
    {
      "time": 103.840866,
      "col": 4
    },
    {
      "time": 104.335815,
      "col": 0
    },
    {
      "time": 104.5338,
      "col": 1
    },
    {
      "time": 104.83077,
      "col": 2
    },
    {
      "time": 105.325714,
      "col": 3
    },
    {
      "time": 105.424706,
      "col": 4
    },
    {
      "time": 105.72168,
      "col": 0
    },
    {
      "time": 105.91966,
      "col": 1
    },
    {
      "time": 106.31562,
      "col": 2
    },
    {
      "time": 106.612595,
      "col": 3
    },
    {
      "time": 106.81058,
      "col": 4
    },
    {
      "time": 107.206535,
      "col": 0
    },
    {
      "time": 107.50351,
      "col": 1
    },
    {
      "time": 107.6025,
      "col": 2
    },
    {
      "time": 107.89947,
      "col": 3
    },
    {
      "time": 108.394424,
      "col": 4
    },
    {
      "time": 108.49341,
      "col": 0
    },
    {
      "time": 108.69139,
      "col": 1
    },
    {
      "time": 109.08735,
      "col": 2
    },
    {
      "time": 109.38432,
      "col": 3
    },
    {
      "time": 109.582306,
      "col": 4
    },
    {
      "time": 109.87927,
      "col": 0
    },
    {
      "time": 110.17625,
      "col": 1
    },
    {
      "time": 110.47321,
      "col": 2
    },
    {
      "time": 110.77019,
      "col": 3
    },
    {
      "time": 111.06716,
      "col": 4
    },
    {
      "time": 111.36413,
      "col": 0
    },
    {
      "time": 111.76009,
      "col": 1
    },
    {
      "time": 112.15605,
      "col": 2
    },
    {
      "time": 112.25504,
      "col": 3
    },
    {
      "time": 112.55201,
      "col": 4
    },
    {
      "time": 112.84898,
      "col": 0
    },
    {
      "time": 113.24494,
      "col": 1
    },
    {
      "time": 113.442924,
      "col": 2
    },
    {
      "time": 113.64091,
      "col": 3
    },
    {
      "time": 113.7399,
      "col": 4
    },
    {
      "time": 114.13586,
      "col": 0
    },
    {
      "time": 114.33384,
      "col": 1
    },
    {
      "time": 114.53182,
      "col": 2
    },
    {
      "time": 115.02677,
      "col": 3
    },
    {
      "time": 115.224754,
      "col": 4
    },
    {
      "time": 115.62071,
      "col": 0
    },
    {
      "time": 115.818695,
      "col": 1
    },
    {
      "time": 116.21465,
      "col": 2
    },
    {
      "time": 116.51163,
      "col": 3
    },
    {
      "time": 116.80859,
      "col": 4
    },
    {
      "time": 117.00658,
      "col": 0
    },
    {
      "time": 117.30355,
      "col": 1
    },
    {
      "time": 117.69951,
      "col": 2
    },
    {
      "time": 117.89749,
      "col": 3
    },
    {
      "time": 118.194466,
      "col": 4
    },
    {
      "time": 118.49143,
      "col": 0
    },
    {
      "time": 118.78841,
      "col": 1
    },
    {
      "time": 118.98639,
      "col": 2
    },
    {
      "time": 119.48134,
      "col": 3
    },
    {
      "time": 119.67931,
      "col": 4
    },
    {
      "time": 119.97629,
      "col": 0
    },
    {
      "time": 120.372246,
      "col": 1
    },
    {
      "time": 120.57023,
      "col": 2
    },
    {
      "time": 120.8672,
      "col": 3
    },
    {
      "time": 121.16417,
      "col": 4
    },
    {
      "time": 121.46114,
      "col": 0
    },
    {
      "time": 121.75812,
      "col": 1
    },
    {
      "time": 122.154076,
      "col": 2
    },
    {
      "time": 122.45105,
      "col": 3
    },
    {
      "time": 122.64903,
      "col": 4
    },
    {
      "time": 123.04499,
      "col": 0
    },
    {
      "time": 123.242966,
      "col": 1
    },
    {
      "time": 123.44095,
      "col": 2
    },
    {
      "time": 123.73792,
      "col": 3
    },
    {
      "time": 124.13388,
      "col": 4
    },
    {
      "time": 124.33186,
      "col": 0
    },
    {
      "time": 124.82681,
      "col": 1
    },
    {
      "time": 125.32177,
      "col": 2
    },
    {
      "time": 125.61874,
      "col": 3
    },
    {
      "time": 126.0147,
      "col": 4
    },
    {
      "time": 126.31167,
      "col": 0
    },
    {
      "time": 126.60864,
      "col": 1
    },
    {
      "time": 126.90561,
      "col": 2
    },
    {
      "time": 127.20258,
      "col": 3
    },
    {
      "time": 127.59854,
      "col": 4
    },
    {
      "time": 127.796524,
      "col": 0
    },
    {
      "time": 128.09349,
      "col": 1
    },
    {
      "time": 128.39046,
      "col": 2
    },
    {
      "time": 128.68744,
      "col": 3
    },
    {
      "time": 128.88542,
      "col": 4
    },
    {
      "time": 129.28139,
      "col": 0
    },
    {
      "time": 129.47935,
      "col": 1
    },
    {
      "time": 129.77632,
      "col": 2
    },
    {
      "time": 130.17229,
      "col": 3
    },
    {
      "time": 130.46927,
      "col": 4
    },
    {
      "time": 130.76622,
      "col": 0
    },
    {
      "time": 130.9642,
      "col": 1
    },
    {
      "time": 131.16219,
      "col": 2
    },
    {
      "time": 131.36017,
      "col": 3
    },
    {
      "time": 131.65715,
      "col": 4
    },
    {
      "time": 131.85513,
      "col": 0
    },
    {
      "time": 132.05312,
      "col": 1
    },
    {
      "time": 132.44907,
      "col": 2
    },
    {
      "time": 132.94402,
      "col": 3
    },
    {
      "time": 133.73595,
      "col": 4
    },
    {
      "time": 134.52786,
      "col": 0
    },
    {
      "time": 134.72585,
      "col": 1
    },
    {
      "time": 134.92383,
      "col": 2
    },
    {
      "time": 135.2208,
      "col": 3
    },
    {
      "time": 135.61676,
      "col": 4
    },
    {
      "time": 136.11171,
      "col": 0
    },
    {
      "time": 136.50768,
      "col": 1
    },
    {
      "time": 136.90363,
      "col": 2
    },
    {
      "time": 137.2006,
      "col": 3
    },
    {
      "time": 137.59657,
      "col": 4
    },
    {
      "time": 137.79454,
      "col": 0
    },
    {
      "time": 137.89352,
      "col": 1
    },
    {
      "time": 138.1905,
      "col": 2
    },
    {
      "time": 138.38849,
      "col": 3
    },
    {
      "time": 138.78445,
      "col": 4
    },
    {
      "time": 139.18042,
      "col": 0
    },
    {
      "time": 139.47737,
      "col": 1
    },
    {
      "time": 144.03093,
      "col": 2
    },
    {
      "time": 148.68349,
      "col": 3
    },
    {
      "time": 148.88147,
      "col": 4
    },
    {
      "time": 149.17844,
      "col": 0
    },
    {
      "time": 149.4754,
      "col": 1
    },
    {
      "time": 149.67339,
      "col": 2
    },
    {
      "time": 150.06935,
      "col": 3
    },
    {
      "time": 150.26733,
      "col": 4
    },
    {
      "time": 150.46532,
      "col": 0
    },
    {
      "time": 150.76228,
      "col": 1
    },
    {
      "time": 151.15823,
      "col": 2
    },
    {
      "time": 151.35622,
      "col": 3
    },
    {
      "time": 151.6532,
      "col": 4
    },
    {
      "time": 151.85118,
      "col": 0
    },
    {
      "time": 152.14815,
      "col": 1
    },
    {
      "time": 152.44511,
      "col": 2
    },
    {
      "time": 152.74208,
      "col": 3
    },
    {
      "time": 152.84108,
      "col": 4
    },
    {
      "time": 153.13805,
      "col": 0
    },
    {
      "time": 153.43503,
      "col": 1
    },
    {
      "time": 153.73198,
      "col": 2
    },
    {
      "time": 154.02896,
      "col": 3
    },
    {
      "time": 154.52391,
      "col": 4
    },
    {
      "time": 154.82089,
      "col": 0
    },
    {
      "time": 155.11786,
      "col": 1
    },
    {
      "time": 155.61281,
      "col": 2
    },
    {
      "time": 156.00877,
      "col": 3
    },
    {
      "time": 156.20676,
      "col": 4
    },
    {
      "time": 156.50371,
      "col": 0
    },
    {
      "time": 156.70169,
      "col": 1
    },
    {
      "time": 156.89967,
      "col": 2
    },
    {
      "time": 157.19666,
      "col": 3
    },
    {
      "time": 157.6916,
      "col": 4
    },
    {
      "time": 157.7906,
      "col": 0
    },
    {
      "time": 157.88959,
      "col": 1
    },
    {
      "time": 158.18655,
      "col": 2
    },
    {
      "time": 158.48352,
      "col": 3
    },
    {
      "time": 158.7805,
      "col": 4
    },
    {
      "time": 158.97849,
      "col": 0
    },
    {
      "time": 159.37445,
      "col": 1
    },
    {
      "time": 159.57242,
      "col": 2
    },
    {
      "time": 159.86938,
      "col": 3
    },
    {
      "time": 160.26535,
      "col": 4
    },
    {
      "time": 160.7603,
      "col": 0
    },
    {
      "time": 160.95828,
      "col": 1
    },
    {
      "time": 161.15627,
      "col": 2
    },
    {
      "time": 161.35425,
      "col": 3
    },
    {
      "time": 161.75021,
      "col": 4
    },
    {
      "time": 161.9482,
      "col": 0
    },
    {
      "time": 162.24516,
      "col": 1
    },
    {
      "time": 162.44313,
      "col": 2
    },
    {
      "time": 162.64111,
      "col": 3
    },
    {
      "time": 163.03708,
      "col": 4
    },
    {
      "time": 163.33406,
      "col": 0
    },
    {
      "time": 163.63101,
      "col": 1
    },
    {
      "time": 163.928,
      "col": 2
    },
    {
      "time": 164.22496,
      "col": 3
    },
    {
      "time": 164.52194,
      "col": 4
    },
    {
      "time": 164.81891,
      "col": 0
    },
    {
      "time": 165.11588,
      "col": 1
    },
    {
      "time": 165.41284,
      "col": 2
    },
    {
      "time": 165.61082,
      "col": 3
    },
    {
      "time": 165.8088,
      "col": 4
    },
    {
      "time": 166.10579,
      "col": 0
    },
    {
      "time": 166.30377,
      "col": 1
    },
    {
      "time": 166.69972,
      "col": 2
    },
    {
      "time": 166.99669,
      "col": 3
    },
    {
      "time": 167.19467,
      "col": 4
    },
    {
      "time": 167.39265,
      "col": 0
    },
    {
      "time": 167.8876,
      "col": 1
    },
    {
      "time": 168.38255,
      "col": 2
    },
    {
      "time": 168.58054,
      "col": 3
    },
    {
      "time": 168.67953,
      "col": 4
    },
    {
      "time": 168.9765,
      "col": 0
    },
    {
      "time": 169.27348,
      "col": 1
    },
    {
      "time": 169.57043,
      "col": 2
    },
    {
      "time": 169.86742,
      "col": 3
    },
    {
      "time": 170.0654,
      "col": 4
    },
    {
      "time": 170.26338,
      "col": 0
    },
    {
      "time": 170.65933,
      "col": 1
    },
    {
      "time": 171.0553,
      "col": 2
    },
    {
      "time": 171.45126,
      "col": 3
    },
    {
      "time": 171.74823,
      "col": 4
    },
    {
      "time": 171.94621,
      "col": 0
    },
    {
      "time": 172.24318,
      "col": 1
    },
    {
      "time": 172.44116,
      "col": 2
    },
    {
      "time": 172.73813,
      "col": 3
    },
    {
      "time": 172.93611,
      "col": 4
    },
    {
      "time": 173.1341,
      "col": 0
    },
    {
      "time": 173.53006,
      "col": 1
    },
    {
      "time": 173.82703,
      "col": 2
    },
    {
      "time": 174.02501,
      "col": 3
    },
    {
      "time": 174.42097,
      "col": 4
    },
    {
      "time": 174.71794,
      "col": 0
    },
    {
      "time": 175.01491,
      "col": 1
    },
    {
      "time": 175.21289,
      "col": 2
    },
    {
      "time": 175.60886,
      "col": 3
    },
    {
      "time": 175.90582,
      "col": 4
    },
    {
      "time": 176.2028,
      "col": 0
    },
    {
      "time": 176.30179,
      "col": 1
    },
    {
      "time": 176.49977,
      "col": 2
    },
    {
      "time": 176.79674,
      "col": 3
    },
    {
      "time": 177.0937,
      "col": 4
    },
    {
      "time": 177.58867,
      "col": 0
    },
    {
      "time": 177.98462,
      "col": 1
    },
    {
      "time": 178.28159,
      "col": 2
    },
    {
      "time": 178.57857,
      "col": 3
    },
    {
      "time": 178.77655,
      "col": 4
    },
    {
      "time": 179.17252,
      "col": 0
    },
    {
      "time": 179.56847,
      "col": 1
    },
    {
      "time": 179.86543,
      "col": 2
    },
    {
      "time": 180.2614,
      "col": 3
    },
    {
      "time": 180.75636,
      "col": 4
    },
    {
      "time": 181.2513,
      "col": 0
    },
    {
      "time": 181.54828,
      "col": 1
    },
    {
      "time": 181.94424,
      "col": 2
    },
    {
      "time": 182.2412,
      "col": 3
    },
    {
      "time": 182.53818,
      "col": 4
    },
    {
      "time": 182.73616,
      "col": 0
    },
    {
      "time": 182.93414,
      "col": 1
    },
    {
      "time": 183.33011,
      "col": 2
    },
    {
      "time": 183.82504,
      "col": 3
    },
    {
      "time": 184.22101,
      "col": 4
    },
    {
      "time": 184.41899,
      "col": 0
    },
    {
      "time": 184.81496,
      "col": 1
    },
    {
      "time": 185.11192,
      "col": 2
    },
    {
      "time": 185.40889,
      "col": 3
    },
    {
      "time": 185.70587,
      "col": 4
    },
    {
      "time": 186.00284,
      "col": 0
    },
    {
      "time": 186.29982,
      "col": 0
    },
    {
      "time": 186.49779,
      "col": 1
    },
    {
      "time": 186.79475,
      "col": 2
    },
    {
      "time": 187.28972,
      "col": 3
    },
    {
      "time": 187.4877,
      "col": 4
    },
    {
      "time": 187.78467,
      "col": 0
    },
    {
      "time": 187.98265,
      "col": 1
    },
    {
      "time": 188.18062,
      "col": 2
    },
    {
      "time": 188.67558,
      "col": 3
    },
    {
      "time": 188.87357,
      "col": 4
    },
    {
      "time": 189.17053,
      "col": 0
    },
    {
      "time": 189.56648,
      "col": 1
    },
    {
      "time": 189.76447,
      "col": 2
    },
    {
      "time": 190.06145,
      "col": 3
    },
    {
      "time": 190.35841,
      "col": 4
    },
    {
      "time": 190.5564,
      "col": 0
    },
    {
      "time": 190.85336,
      "col": 1
    },
    {
      "time": 191.05135,
      "col": 2
    },
    {
      "time": 191.24933,
      "col": 3
    },
    {
      "time": 191.5463,
      "col": 4
    },
    {
      "time": 191.84328,
      "col": 0
    },
    {
      "time": 192.14023,
      "col": 1
    },
    {
      "time": 192.33821,
      "col": 2
    },
    {
      "time": 192.6352,
      "col": 3
    },
    {
      "time": 192.83318,
      "col": 4
    },
    {
      "time": 193.13014,
      "col": 0
    },
    {
      "time": 193.42712,
      "col": 1
    },
    {
      "time": 193.62509,
      "col": 2
    },
    {
      "time": 194.12004,
      "col": 3
    },
    {
      "time": 194.21904,
      "col": 4
    },
    {
      "time": 194.71399,
      "col": 0
    },
    {
      "time": 194.81299,
      "col": 1
    },
    {
      "time": 195.01097,
      "col": 2
    },
    {
      "time": 195.40692,
      "col": 3
    },
    {
      "time": 195.80289,
      "col": 4
    },
    {
      "time": 196.09985,
      "col": 0
    },
    {
      "time": 196.39682,
      "col": 1
    },
    {
      "time": 196.69379,
      "col": 2
    },
    {
      "time": 197.08975,
      "col": 3
    },
    {
      "time": 197.38673,
      "col": 4
    },
    {
      "time": 197.6837,
      "col": 0
    },
    {
      "time": 197.98067,
      "col": 1
    },
    {
      "time": 198.27763,
      "col": 2
    },
    {
      "time": 198.47562,
      "col": 3
    },
    {
      "time": 198.6736,
      "col": 4
    },
    {
      "time": 198.97058,
      "col": 0
    },
    {
      "time": 199.36653,
      "col": 1
    },
    {
      "time": 199.7625,
      "col": 2
    },
    {
      "time": 200.15846,
      "col": 3
    },
    {
      "time": 200.55443,
      "col": 4
    },
    {
      "time": 200.95038,
      "col": 0
    },
    {
      "time": 201.24734,
      "col": 1
    },
    {
      "time": 201.34634,
      "col": 2
    },
    {
      "time": 201.74231,
      "col": 3
    },
    {
      "time": 202.03928,
      "col": 4
    },
    {
      "time": 202.33624,
      "col": 0
    },
    {
      "time": 202.63321,
      "col": 1
    },
    {
      "time": 202.93019,
      "col": 2
    },
    {
      "time": 203.22716,
      "col": 3
    },
    {
      "time": 203.62311,
      "col": 4
    },
    {
      "time": 203.82109,
      "col": 0
    },
    {
      "time": 204.21706,
      "col": 1
    },
    {
      "time": 204.51404,
      "col": 2
    },
    {
      "time": 204.811,
      "col": 3
    },
    {
      "time": 205.10797,
      "col": 4
    },
    {
      "time": 205.40494,
      "col": 0
    },
    {
      "time": 205.60292,
      "col": 1
    },
    {
      "time": 205.8999,
      "col": 2
    },
    {
      "time": 206.09789,
      "col": 3
    },
    {
      "time": 206.39485,
      "col": 4
    },
    {
      "time": 206.8898,
      "col": 0
    },
    {
      "time": 206.98878,
      "col": 1
    },
    {
      "time": 207.38475,
      "col": 2
    },
    {
      "time": 207.58273,
      "col": 3
    },
    {
      "time": 207.78072,
      "col": 4
    },
    {
      "time": 207.97868,
      "col": 0
    },
    {
      "time": 208.17667,
      "col": 1
    },
    {
      "time": 208.37465,
      "col": 2
    },
    {
      "time": 208.77061,
      "col": 3
    },
    {
      "time": 209.26558,
      "col": 4
    },
    {
      "time": 209.76051,
      "col": 0
    },
    {
      "time": 209.85951,
      "col": 1
    },
    {
      "time": 210.15648,
      "col": 2
    },
    {
      "time": 210.55244,
      "col": 3
    },
    {
      "time": 210.84941,
      "col": 4
    },
    {
      "time": 211.34436,
      "col": 0
    },
    {
      "time": 211.64134,
      "col": 1
    },
    {
      "time": 212.03731,
      "col": 2
    },
    {
      "time": 212.43326,
      "col": 3
    },
    {
      "time": 212.73022,
      "col": 4
    },
    {
      "time": 213.22519,
      "col": 0
    },
    {
      "time": 213.62115,
      "col": 1
    },
    {
      "time": 214.0171,
      "col": 2
    },
    {
      "time": 214.11609,
      "col": 3
    },
    {
      "time": 214.41307,
      "col": 4
    },
    {
      "time": 214.51205,
      "col": 0
    },
    {
      "time": 214.80904,
      "col": 1
    },
    {
      "time": 215.10599,
      "col": 2
    },
    {
      "time": 215.40297,
      "col": 3
    },
    {
      "time": 215.60095,
      "col": 4
    },
    {
      "time": 215.99692,
      "col": 0
    },
    {
      "time": 216.39288,
      "col": 1
    },
    {
      "time": 216.78883,
      "col": 2
    },
    {
      "time": 217.0858,
      "col": 3
    },
    {
      "time": 217.38278,
      "col": 4
    },
    {
      "time": 217.58076,
      "col": 0
    },
    {
      "time": 217.97672,
      "col": 1
    },
    {
      "time": 218.37268,
      "col": 2
    },
    {
      "time": 218.66965,
      "col": 3
    },
    {
      "time": 218.96663,
      "col": 4
    },
    {
      "time": 219.2636,
      "col": 0
    },
    {
      "time": 219.65955,
      "col": 1
    },
    {
      "time": 219.95653,
      "col": 2
    },
    {
      "time": 220.2535,
      "col": 3
    },
    {
      "time": 220.3525,
      "col": 4
    },
    {
      "time": 220.64946,
      "col": 0
    },
    {
      "time": 220.84744,
      "col": 1
    },
    {
      "time": 221.14441,
      "col": 2
    },
    {
      "time": 221.34239,
      "col": 3
    },
    {
      "time": 221.63936,
      "col": 4
    },
    {
      "time": 221.73836,
      "col": 0
    },
    {
      "time": 222.13431,
      "col": 1
    },
    {
      "time": 222.53027,
      "col": 2
    },
    {
      "time": 222.72826,
      "col": 3
    },
    {
      "time": 223.2232,
      "col": 4
    },
    {
      "time": 223.3222,
      "col": 0
    },
    {
      "time": 223.42119,
      "col": 1
    },
    {
      "time": 223.71815,
      "col": 2
    },
    {
      "time": 224.11412,
      "col": 3
    },
    {
      "time": 224.41109,
      "col": 4
    },
    {
      "time": 224.80705,
      "col": 0
    },
    {
      "time": 225.10402,
      "col": 1
    },
    {
      "time": 225.40099,
      "col": 2
    },
    {
      "time": 225.69797,
      "col": 3
    },
    {
      "time": 225.99493,
      "col": 4
    },
    {
      "time": 226.09393,
      "col": 0
    },
    {
      "time": 226.48988,
      "col": 1
    },
    {
      "time": 226.78685,
      "col": 2
    }
  ]
}