{
  "song_id": "Paradisus-Paradoxum",
  "instrument": "lead",
  "difficulty": "Easy",
  "columns": 4,
  "bpm": 150.60033,
  "generated_at": 1768732727,
  "notes": [
    {
      "time": 7.9681106,
      "col": 0
    },
    {
      "time": 9.661334,
      "col": 1
    },
    {
      "time": 10.756949,
      "col": 2
    },
    {
      "time": 11.055754,
      "col": 3
    },
    {
      "time": 11.553761,
      "col": 0
    },
    {
      "time": 12.151368,
      "col": 1
    },
    {
      "time": 12.649376,
      "col": 2
    },
    {
      "time": 13.147382,
      "col": 3
    },
    {
      "time": 13.64539,
      "col": 0
    },
    {
      "time": 13.844592,
      "col": 1
    },
    {
      "time": 14.641403,
      "col": 2
    },
    {
      "time": 15.537815,
      "col": 3
    },
    {
      "time": 15.836619,
      "col": 0
    },
    {
      "time": 17.131437,
      "col": 1
    },
    {
      "time": 18.426256,
      "col": 2
    },
    {
      "time": 19.023863,
      "col": 3
    },
    {
      "time": 19.920277,
      "col": 0
    },
    {
      "time": 20.517885,
      "col": 1
    },
    {
      "time": 20.91629,
      "col": 2
    },
    {
      "time": 21.812702,
      "col": 3
    },
    {
      "time": 22.509912,
      "col": 0
    },
    {
      "time": 22.908318,
      "col": 1
    },
    {
      "time": 23.406324,
      "col": 2
    },
    {
      "time": 23.80473,
      "col": 3
    },
    {
      "time": 34.262875,
      "col": 0
    },
    {
      "time": 35.8565,
      "col": 1
    },
    {
      "time": 40.93617,
      "col": 2
    },
    {
      "time": 44.52182,
      "col": 3
    },
    {
      "time": 45.816635,
      "col": 0
    },
    {
      "time": 46.81265,
      "col": 1
    },
    {
      "time": 47.410255,
      "col": 2
    },
    {
      "time": 49.00388,
      "col": 3
    },
    {
      "time": 51.09551,
      "col": 0
    },
    {
      "time": 51.99192,
      "col": 1
    },
    {
      "time": 54.97996,
      "col": 2
    },
    {
      "time": 55.77677,
      "col": 3
    },
    {
      "time": 56.17518,
      "col": 0
    },
    {
      "time": 56.673187,
      "col": 1
    },
    {
      "time": 57.370396,
      "col": 2
    },
    {
      "time": 57.6692,
      "col": 3
    },
    {
      "time": 58.266808,
      "col": 0
    },
    {
      "time": 59.063618,
      "col": 1
    },
    {
      "time": 59.26282,
      "col": 2
    },
    {
      "time": 59.960033,
      "col": 3
    },
    {
      "time": 60.956043,
      "col": 0
    },
    {
      "time": 61.155247,
      "col": 1
    },
    {
      "time": 61.95206,
      "col": 2
    },
    {
      "time": 62.74887,
      "col": 3
    },
    {
      "time": 63.047676,
      "col": 0
    },
    {
      "time": 63.54568,
      "col": 1
    },
    {
      "time": 64.043686,
      "col": 2
    },
    {
      "time": 64.44209,
      "col": 3
    },
    {
      "time": 65.23891,
      "col": 0
    },
    {
      "time": 65.73691,
      "col": 1
    },
    {
      "time": 65.93611,
      "col": 2
    },
    {
      "time": 66.732925,
      "col": 3
    },
    {
      "time": 67.230934,
      "col": 0
    },
    {
      "time": 67.62934,
      "col": 1
    },
    {
      "time": 68.52575,
      "col": 2
    },
    {
      "time": 70.21897,
      "col": 3
    },
    {
      "time": 70.51778,
      "col": 0
    },
    {
      "time": 71.31459,
      "col": 1
    },
    {
      "time": 72.0118,
      "col": 2
    },
    {
      "time": 72.609406,
      "col": 3
    },
    {
      "time": 73.207016,
      "col": 0
    },
    {
      "time": 73.60542,
      "col": 1
    },
    {
      "time": 73.90423,
      "col": 2
    },
    {
      "time": 74.40223,
      "col": 3
    },
    {
      "time": 75.79665,
      "col": 0
    },
    {
      "time": 76.49386,
      "col": 1
    },
    {
      "time": 76.99187,
      "col": 2
    },
    {
      "time": 78.18708,
      "col": 3
    },
    {
      "time": 78.68509,
      "col": 0
    },
    {
      "time": 79.2827,
      "col": 1
    },
    {
      "time": 79.78071,
      "col": 2
    },
    {
      "time": 80.27872,
      "col": 3
    },
    {
      "time": 80.67712,
      "col": 0
    },
    {
      "time": 81.47393,
      "col": 1
    },
    {
      "time": 81.87234,
      "col": 2
    },
    {
      "time": 82.56954,
      "col": 3
    },
    {
      "time": 83.06755,
      "col": 0
    },
    {
      "time": 83.46596,
      "col": 1
    },
    {
      "time": 85.05958,
      "col": 2
    },
    {
      "time": 85.85639,
      "col": 3
    },
    {
      "time": 86.2548,
      "col": 0
    },
    {
      "time": 87.051605,
      "col": 1
    },
    {
      "time": 89.04363,
      "col": 2
    },
    {
      "time": 89.143234,
      "col": 3
    },
    {
      "time": 96.51374,
      "col": 0
    },
    {
      "time": 97.11134,
      "col": 1
    },
    {
      "time": 97.31055,
      "col": 2
    },
    {
      "time": 98.10736,
      "col": 3
    },
    {
      "time": 99.302574,
      "col": 0
    },
    {
      "time": 99.50178,
      "col": 1
    },
    {
      "time": 102.19102,
      "col": 2
    },
    {
      "time": 104.780655,
      "col": 3
    },
    {
      "time": 105.278656,
      "col": 0
    },
    {
      "time": 105.97587,
      "col": 1
    },
    {
      "time": 107.66909,
      "col": 2
    },
    {
      "time": 107.967896,
      "col": 3
    },
    {
      "time": 108.76471,
      "col": 0
    },
    {
      "time": 109.46192,
      "col": 1
    },
    {
      "time": 109.66112,
      "col": 2
    },
    {
      "time": 110.45793,
      "col": 3
    },
    {
      "time": 111.05554,
      "col": 0
    },
    {
      "time": 111.45395,
      "col": 1
    },
    {
      "time": 112.15115,
      "col": 2
    },
    {
      "time": 112.44996,
      "col": 3
    },
    {
      "time": 113.14717,
      "col": 0
    },
    {
      "time": 113.744774,
      "col": 1
    },
    {
      "time": 114.24278,
      "col": 2
    },
    {
      "time": 114.54159,
      "col": 3
    },
    {
      "time": 115.2388,
      "col": 0
    },
    {
      "time": 115.8364,
      "col": 1
    },
    {
      "time": 116.23481,
      "col": 2
    },
    {
      "time": 116.83242,
      "col": 3
    },
    {
      "time": 117.23083,
      "col": 0
    },
    {
      "time": 117.82844,
      "col": 1
    },
    {
      "time": 118.42604,
      "col": 2
    },
    {
      "time": 119.02365,
      "col": 3
    },
    {
      "time": 119.42206,
      "col": 0
    },
    {
      "time": 120.61727,
      "col": 1
    },
    {
      "time": 121.11528,
      "col": 2
    },
    {
      "time": 121.414085,
      "col": 3
    },
    {
      "time": 122.11129,
      "col": 0
    },
    {
      "time": 122.7089,
      "col": 1
    },
    {
      "time": 123.007706,
      "col": 2
    },
    {
      "time": 123.80452,
      "col": 3
    },
    {
      "time": 124.40212,
      "col": 0
    },
    {
      "time": 125.39814,
      "col": 1
    },
    {
      "time": 125.99575,
      "col": 2
    },
    {
      "time": 126.59335,
      "col": 3
    },
    {
      "time": 126.89216,
      "col": 0
    },
    {
      "time": 128.08737,
      "col": 1
    },
    {
      "time": 129.38219,
      "col": 2
    },
    {
      "time": 129.7806,
      "col": 3
    },
    {
      "time": 130.47781,
      "col": 0
    },
    {
      "time": 130.97581,
      "col": 1
    },
    {
      "time": 131.17502,
      "col": 2
    },
    {
      "time": 131.67302,
      "col": 3
    },
    {
      "time": 134.76067,
      "col": 0
    },
    {
      "time": 134.95987,
      "col": 1
    },
    {
      "time": 136.05548,
      "col": 2
    },
    {
      "time": 138.34631,
      "col": 3
    },
    {
      "time": 138.84433,
      "col": 0
    },
    {
      "time": 139.54153,
      "col": 1
    },
    {
      "time": 149.50166,
      "col": 2
    },
    {
      "time": 149.70087,
      "col": 3
    },
    {
      "time": 150.29848,
      "col": 0
    },
    {
      "time": 151.3941,
      "col": 1
    },
    {
      "time": 151.8921,
      "col": 2
    },
    {
      "time": 152.4897,
      "col": 3
    },
    {
      "time": 153.18692,
      "col": 0
    },
    {
      "time": 153.48572,
      "col": 1
    },
    {
      "time": 154.08333,
      "col": 2
    },
    {
      "time": 154.88014,
      "col": 3
    },
    {
      "time": 155.07935,
      "col": 0
    },
    {
      "time": 156.17496,
      "col": 1
    },
    {
      "time": 157.27057,
      "col": 2
    },
    {
      "time": 157.66898,
      "col": 3
    },
    {
      "time": 158.26659,
      "col": 0
    },
    {
      "time": 158.9638,
      "col": 1
    },
    {
      "time": 159.2626,
      "col": 2
    },
    {
      "time": 159.86021,
      "col": 3
    },
    {
      "time": 160.75662,
      "col": 0
    },
    {
      "time": 160.95583,
      "col": 1
    },
    {
      "time": 161.45383,
      "col": 2
    },
    {
      "time": 161.95184,
      "col": 3
    },
    {
      "time": 162.25064,
      "col": 0
    },
    {
      "time": 162.74866,
      "col": 1
    },
    {
      "time": 163.34627,
      "col": 2
    },
    {
      "time": 164.04347,
      "col": 3
    },
    {
      "time": 164.84027,
      "col": 0
    },
    {
      "time": 165.33829,
      "col": 1
    },
    {
      "time": 165.63708,
      "col": 2
    },
    {
      "time": 166.3343,
      "col": 3
    },
    {
      "time": 167.03151,
      "col": 0
    },
    {
      "time": 167.23071,
      "col": 1
    },
    {
      "time": 169.62114,
      "col": 2
    },
    {
      "time": 170.01955,
      "col": 3
    },
    {
      "time": 170.61716,
      "col": 0
    },
    {
      "time": 171.71278,
      "col": 1
    },
    {
      "time": 172.21078,
      "col": 2
    },
    {
      "time": 172.40999,
      "col": 3
    },
    {
      "time": 173.1072,
      "col": 0
    },
    {
      "time": 174.0036,
      "col": 1
    },
    {
      "time": 174.40201,
      "col": 2
    },
    {
      "time": 175.59723,
      "col": 3
    },
    {
      "time": 176.19484,
      "col": 0
    },
    {
      "time": 176.29445,
      "col": 1
    },
    {
      "time": 177.09126,
      "col": 2
    },
    {
      "time": 177.98766,
      "col": 3
    },
    {
      "time": 178.78447,
      "col": 0
    },
    {
      "time": 179.58128,
      "col": 1
    },
    {
      "time": 180.97571,
      "col": 2
    },
    {
      "time": 181.5733,
      "col": 3
    },
    {
      "time": 182.27052,
      "col": 0
    },
    {
      "time": 182.76852,
      "col": 1
    },
    {
      "time": 182.96773,
      "col": 2
    },
    {
      "time": 184.26256,
      "col": 3
    },
    {
      "time": 184.86017,
      "col": 0
    },
    {
      "time": 185.15897,
      "col": 1
    },
    {
      "time": 185.95576,
      "col": 2
    },
    {
      "time": 186.45378,
      "col": 3
    },
    {
      "time": 186.75258,
      "col": 0
    },
    {
      "time": 187.8482,
      "col": 1
    },
    {
      "time": 188.24661,
      "col": 2
    },
    {
      "time": 188.64502,
      "col": 3
    },
    {
      "time": 189.24263,
      "col": 0
    },
    {
      "time": 189.93982,
      "col": 1
    },
    {
      "time": 190.03943,
      "col": 2
    },
    {
      "time": 190.73663,
      "col": 3
    },
    {
      "time": 191.33424,
      "col": 0
    },
    {
      "time": 191.53345,
      "col": 1
    },
    {
      "time": 192.13106,
      "col": 2
    },
    {
      "time": 192.82828,
      "col": 3
    },
    {
      "time": 193.12708,
      "col": 0
    },
    {
      "time": 193.62508,
      "col": 1
    },
    {
      "time": 194.22269,
      "col": 2
    },
    {
      "time": 194.72069,
      "col": 3
    },
    {
      "time": 195.0195,
      "col": 0
    },
    {
      "time": 195.81631,
      "col": 1
    },
    {
      "time": 196.11511,
      "col": 2
    },
    {
      "time": 196.71272,
      "col": 3
    },
    {
      "time": 197.60915,
      "col": 0
    },
    {
      "time": 198.00754,
      "col": 1
    },
    {
      "time": 198.50554,
      "col": 2
    },
    {
      "time": 199.00356,
      "col": 3
    },
    {
      "time": 199.30235,
      "col": 0
    },
    {
      "time": 200.29837,
      "col": 1
    },
    {
      "time": 200.89598,
      "col": 2
    },
    {
      "time": 201.394,
      "col": 3
    },
    {
      "time": 201.9916,
      "col": 0
    },
    {
      "time": 202.39,
      "col": 1
    },
    {
      "time": 202.98761,
      "col": 2
    },
    {
      "time": 203.58522,
      "col": 3
    },
    {
      "time": 204.78044,
      "col": 0
    },
    {
      "time": 205.67685,
      "col": 1
    },
    {
      "time": 206.47365,
      "col": 2
    },
    {
      "time": 207.37007,
      "col": 3
    },
    {
      "time": 207.56927,
      "col": 0
    },
    {
      "time": 208.16689,
      "col": 1
    },
    {
      "time": 208.7645,
      "col": 2
    },
    {
      "time": 209.1629,
      "col": 3
    },
    {
      "time": 209.8601,
      "col": 0
    },
    {
      "time": 210.6569,
      "col": 1
    },
    {
      "time": 210.85611,
      "col": 2
    },
    {
      "time": 211.25452,
      "col": 3
    },
    {
      "time": 213.24655,
      "col": 0
    },
    {
      "time": 213.64496,
      "col": 1
    },
    {
      "time": 215.13898,
      "col": 2
    },
    {
      "time": 216.03539,
      "col": 3
    },
    {
      "time": 216.3342,
      "col": 0
    },
    {
      "time": 216.93181,
      "col": 1
    },
    {
      "time": 217.52942,
      "col": 2
    },
    {
      "time": 218.02742,
      "col": 3
    },
    {
      "time": 219.12303,
      "col": 0
    },
    {
      "time": 219.62103,
      "col": 1
    },
    {
      "time": 220.21864,
      "col": 2
    },
    {
      "time": 220.81625,
      "col": 3
    },
    {
      "time": 221.61307,
      "col": 0
    },
    {
      "time": 221.71268,
      "col": 1
    },
    {
      "time": 222.31029,
      "col": 2
    },
    {
      "time": 222.80829,
      "col": 3
    },
    {
      "time": 224.4019,
      "col": 0
    },
    {
      "time": 225.59712,
      "col": 1
    },
    {
      "time": 226.09514,
      "col": 2
    },
    {
      "time": 226.49355,
      "col": 3
    },
    {
      "time": 228.18675,
      "col": 0
    }
  ]
}