{
  "song_id": "Paradisus-Paradoxum",
  "instrument": "bass",
  "difficulty": "Easy",
  "columns": 4,
  "bpm": 163.65234,
  "generated_at": 1768732727,
  "notes": [
    {
      "time": 8.249194,
      "col": 0
    },
    {
      "time": 8.615825,
      "col": 1
    },
    {
      "time": 9.1657715,
      "col": 2
    },
    {
      "time": 9.440744,
      "col": 3
    },
    {
      "time": 10.81561,
      "col": 0
    },
    {
      "time": 11.64053,
      "col": 1
    },
    {
      "time": 12.098818,
      "col": 2
    },
    {
      "time": 12.740422,
      "col": 3
    },
    {
      "time": 13.657,
      "col": 0
    },
    {
      "time": 14.02363,
      "col": 1
    },
    {
      "time": 14.665234,
      "col": 2
    },
    {
      "time": 15.21518,
      "col": 3
    },
    {
      "time": 15.581811,
      "col": 0
    },
    {
      "time": 16.223415,
      "col": 1
    },
    {
      "time": 17.23165,
      "col": 2
    },
    {
      "time": 17.414965,
      "col": 3
    },
    {
      "time": 18.973146,
      "col": 0
    },
    {
      "time": 19.431435,
      "col": 1
    },
    {
      "time": 19.889723,
      "col": 2
    },
    {
      "time": 20.806301,
      "col": 3
    },
    {
      "time": 21.539562,
      "col": 0
    },
    {
      "time": 21.99785,
      "col": 1
    },
    {
      "time": 22.731113,
      "col": 2
    },
    {
      "time": 23.464375,
      "col": 3
    },
    {
      "time": 23.922663,
      "col": 0
    },
    {
      "time": 24.655924,
      "col": 1
    },
    {
      "time": 25.389187,
      "col": 2
    },
    {
      "time": 25.572502,
      "col": 3
    },
    {
      "time": 26.305763,
      "col": 0
    },
    {
      "time": 27.039024,
      "col": 1
    },
    {
      "time": 27.497314,
      "col": 2
    },
    {
      "time": 28.322233,
      "col": 3
    },
    {
      "time": 29.147152,
      "col": 0
    },
    {
      "time": 29.23881,
      "col": 1
    },
    {
      "time": 39.504475,
      "col": 2
    },
    {
      "time": 40.23774,
      "col": 3
    },
    {
      "time": 40.696026,
      "col": 0
    },
    {
      "time": 41.429287,
      "col": 1
    },
    {
      "time": 42.345863,
      "col": 2
    },
    {
      "time": 42.62084,
      "col": 3
    },
    {
      "time": 43.537415,
      "col": 0
    },
    {
      "time": 44.270676,
      "col": 1
    },
    {
      "time": 44.637306,
      "col": 2
    },
    {
      "time": 45.462227,
      "col": 3
    },
    {
      "time": 46.195488,
      "col": 0
    },
    {
      "time": 46.653778,
      "col": 1
    },
    {
      "time": 47.203724,
      "col": 2
    },
    {
      "time": 47.845325,
      "col": 3
    },
    {
      "time": 48.211956,
      "col": 0
    },
    {
      "time": 49.311848,
      "col": 1
    },
    {
      "time": 49.953457,
      "col": 2
    },
    {
      "time": 50.228428,
      "col": 3
    },
    {
      "time": 50.778374,
      "col": 0
    },
    {
      "time": 51.41998,
      "col": 1
    },
    {
      "time": 51.69495,
      "col": 2
    },
    {
      "time": 52.336555,
      "col": 3
    },
    {
      "time": 52.978157,
      "col": 0
    },
    {
      "time": 53.25313,
      "col": 1
    },
    {
      "time": 53.71142,
      "col": 2
    },
    {
      "time": 54.444683,
      "col": 3
    },
    {
      "time": 54.719658,
      "col": 0
    },
    {
      "time": 55.269604,
      "col": 1
    },
    {
      "time": 55.911205,
      "col": 2
    },
    {
      "time": 56.18618,
      "col": 3
    },
    {
      "time": 56.644466,
      "col": 0
    },
    {
      "time": 57.28607,
      "col": 1
    },
    {
      "time": 57.561043,
      "col": 2
    },
    {
      "time": 58.11099,
      "col": 3
    },
    {
      "time": 58.752594,
      "col": 0
    },
    {
      "time": 59.11923,
      "col": 1
    },
    {
      "time": 60.12746,
      "col": 2
    },
    {
      "time": 61.410667,
      "col": 3
    },
    {
      "time": 61.685642,
      "col": 0
    },
    {
      "time": 62.60222,
      "col": 1
    },
    {
      "time": 63.33548,
      "col": 2
    },
    {
      "time": 63.79377,
      "col": 3
    },
    {
      "time": 64.61869,
      "col": 0
    },
    {
      "time": 65.26029,
      "col": 1
    },
    {
      "time": 65.71858,
      "col": 2
    },
    {
      "time": 66.5435,
      "col": 3
    },
    {
      "time": 67.368416,
      "col": 0
    },
    {
      "time": 67.643394,
      "col": 1
    },
    {
      "time": 68.376656,
      "col": 2
    },
    {
      "time": 69.01826,
      "col": 3
    },
    {
      "time": 69.29323,
      "col": 0
    },
    {
      "time": 69.84318,
      "col": 1
    },
    {
      "time": 70.39313,
      "col": 2
    },
    {
      "time": 70.57645,
      "col": 3
    },
    {
      "time": 71.30971,
      "col": 0
    },
    {
      "time": 72.13462,
      "col": 1
    },
    {
      "time": 72.50125,
      "col": 2
    },
    {
      "time": 73.32617,
      "col": 3
    },
    {
      "time": 73.96777,
      "col": 0
    },
    {
      "time": 74.15109,
      "col": 1
    },
    {
      "time": 74.701035,
      "col": 2
    },
    {
      "time": 75.250984,
      "col": 3
    },
    {
      "time": 75.709274,
      "col": 0
    },
    {
      "time": 76.442535,
      "col": 1
    },
    {
      "time": 77.08414,
      "col": 2
    },
    {
      "time": 77.72574,
      "col": 3
    },
    {
      "time": 79.1006,
      "col": 0
    },
    {
      "time": 80.01719,
      "col": 1
    },
    {
      "time": 80.56713,
      "col": 2
    },
    {
      "time": 81.30039,
      "col": 3
    },
    {
      "time": 82.03365,
      "col": 0
    },
    {
      "time": 82.49194,
      "col": 1
    },
    {
      "time": 83.683495,
      "col": 2
    },
    {
      "time": 84.416756,
      "col": 3
    },
    {
      "time": 84.875046,
      "col": 0
    },
    {
      "time": 85.60831,
      "col": 1
    },
    {
      "time": 86.52488,
      "col": 2
    },
    {
      "time": 86.79985,
      "col": 3
    },
    {
      "time": 87.71643,
      "col": 0
    },
    {
      "time": 88.35803,
      "col": 1
    },
    {
      "time": 88.90798,
      "col": 2
    },
    {
      "time": 89.366264,
      "col": 3
    },
    {
      "time": 92.75761,
      "col": 0
    },
    {
      "time": 93.03258,
      "col": 1
    },
    {
      "time": 94.13247,
      "col": 2
    },
    {
      "time": 95.14071,
      "col": 3
    },
    {
      "time": 95.41568,
      "col": 0
    },
    {
      "time": 97.61546,
      "col": 1
    },
    {
      "time": 98.80702,
      "col": 2
    },
    {
      "time": 99.90691,
      "col": 3
    },
    {
      "time": 100.273544,
      "col": 0
    },
    {
      "time": 101.28178,
      "col": 1
    },
    {
      "time": 101.55675,
      "col": 2
    },
    {
      "time": 102.47333,
      "col": 3
    },
    {
      "time": 103.20659,
      "col": 0
    },
    {
      "time": 103.66487,
      "col": 1
    },
    {
      "time": 104.39813,
      "col": 2
    },
    {
      "time": 105.22305,
      "col": 3
    },
    {
      "time": 105.40637,
      "col": 0
    },
    {
      "time": 106.04797,
      "col": 1
    },
    {
      "time": 107.056206,
      "col": 2
    },
    {
      "time": 107.239525,
      "col": 3
    },
    {
      "time": 107.78947,
      "col": 0
    },
    {
      "time": 108.431076,
      "col": 1
    },
    {
      "time": 108.614395,
      "col": 2
    },
    {
      "time": 109.256,
      "col": 3
    },
    {
      "time": 110.26423,
      "col": 0
    },
    {
      "time": 111.08915,
      "col": 1
    },
    {
      "time": 111.91407,
      "col": 2
    },
    {
      "time": 112.73899,
      "col": 3
    },
    {
      "time": 113.10562,
      "col": 0
    },
    {
      "time": 113.930534,
      "col": 1
    },
    {
      "time": 114.663795,
      "col": 2
    },
    {
      "time": 114.847115,
      "col": 3
    },
    {
      "time": 115.488716,
      "col": 0
    },
    {
      "time": 116.31364,
      "col": 1
    },
    {
      "time": 116.68027,
      "col": 2
    },
    {
      "time": 117.50519,
      "col": 3
    },
    {
      "time": 118.23846,
      "col": 0
    },
    {
      "time": 118.60509,
      "col": 1
    },
    {
      "time": 119.15503,
      "col": 2
    },
    {
      "time": 119.79663,
      "col": 3
    },
    {
      "time": 120.16326,
      "col": 0
    },
    {
      "time": 120.71321,
      "col": 1
    },
    {
      "time": 121.1715,
      "col": 2
    },
    {
      "time": 121.44647,
      "col": 3
    },
    {
      "time": 122.363045,
      "col": 0
    },
    {
      "time": 123.096306,
      "col": 1
    },
    {
      "time": 123.46294,
      "col": 2
    },
    {
      "time": 124.104546,
      "col": 3
    },
    {
      "time": 125.20444,
      "col": 0
    },
    {
      "time": 125.47941,
      "col": 1
    },
    {
      "time": 126.12101,
      "col": 2
    },
    {
      "time": 127.0376,
      "col": 3
    },
    {
      "time": 127.22091,
      "col": 0
    },
    {
      "time": 128.87074,
      "col": 1
    },
    {
      "time": 129.78732,
      "col": 2
    },
    {
      "time": 130.2456,
      "col": 3
    },
    {
      "time": 130.97887,
      "col": 0
    },
    {
      "time": 131.8038,
      "col": 1
    },
    {
      "time": 132.17043,
      "col": 2
    },
    {
      "time": 133.087,
      "col": 3
    },
    {
      "time": 133.7286,
      "col": 0
    },
    {
      "time": 134.27855,
      "col": 1
    },
    {
      "time": 135.01181,
      "col": 2
    },
    {
      "time": 135.74507,
      "col": 3
    },
    {
      "time": 136.20337,
      "col": 0
    },
    {
      "time": 136.93663,
      "col": 1
    },
    {
      "time": 137.8532,
      "col": 2
    },
    {
      "time": 138.12817,
      "col": 3
    },
    {
      "time": 139.04475,
      "col": 0
    },
    {
      "time": 139.77802,
      "col": 1
    },
    {
      "time": 148.11887,
      "col": 2
    },
    {
      "time": 148.66881,
      "col": 3
    },
    {
      "time": 149.31041,
      "col": 0
    },
    {
      "time": 149.86037,
      "col": 1
    },
    {
      "time": 150.50197,
      "col": 2
    },
    {
      "time": 151.32689,
      "col": 3
    },
    {
      "time": 151.69353,
      "col": 0
    },
    {
      "time": 152.42679,
      "col": 1
    },
    {
      "time": 153.34335,
      "col": 2
    },
    {
      "time": 154.07661,
      "col": 3
    },
    {
      "time": 154.90154,
      "col": 0
    },
    {
      "time": 155.72646,
      "col": 1
    },
    {
      "time": 156.00143,
      "col": 2
    },
    {
      "time": 156.55138,
      "col": 3
    },
    {
      "time": 157.28464,
      "col": 0
    },
    {
      "time": 157.74292,
      "col": 1
    },
    {
      "time": 158.29288,
      "col": 2
    },
    {
      "time": 158.93448,
      "col": 3
    },
    {
      "time": 159.3011,
      "col": 0
    },
    {
      "time": 160.03438,
      "col": 1
    },
    {
      "time": 160.8593,
      "col": 2
    },
    {
      "time": 161.22592,
      "col": 3
    },
    {
      "time": 162.05084,
      "col": 0
    },
    {
      "time": 162.87576,
      "col": 1
    },
    {
      "time": 163.15073,
      "col": 2
    },
    {
      "time": 163.79234,
      "col": 3
    },
    {
      "time": 164.34229,
      "col": 0
    },
    {
      "time": 164.70891,
      "col": 1
    },
    {
      "time": 165.35051,
      "col": 2
    },
    {
      "time": 165.8088,
      "col": 3
    },
    {
      "time": 165.99213,
      "col": 0
    },
    {
      "time": 166.54207,
      "col": 1
    },
    {
      "time": 167.00035,
      "col": 2
    },
    {
      "time": 167.5503,
      "col": 3
    },
    {
      "time": 184.69029,
      "col": 0
    },
    {
      "time": 185.24023,
      "col": 1
    },
    {
      "time": 185.42355,
      "col": 2
    },
    {
      "time": 185.9735,
      "col": 3
    },
    {
      "time": 186.34013,
      "col": 0
    },
    {
      "time": 186.89008,
      "col": 1
    },
    {
      "time": 187.25671,
      "col": 2
    },
    {
      "time": 189.08987,
      "col": 3
    },
    {
      "time": 189.36484,
      "col": 0
    },
    {
      "time": 189.91478,
      "col": 1
    },
    {
      "time": 190.46474,
      "col": 2
    },
    {
      "time": 190.7397,
      "col": 3
    },
    {
      "time": 191.3813,
      "col": 0
    },
    {
      "time": 192.02292,
      "col": 1
    },
    {
      "time": 192.29788,
      "col": 2
    },
    {
      "time": 192.93948,
      "col": 3
    },
    {
      "time": 193.48944,
      "col": 0
    },
    {
      "time": 193.7644,
      "col": 1
    },
    {
      "time": 194.406,
      "col": 2
    },
    {
      "time": 194.95596,
      "col": 3
    },
    {
      "time": 195.32259,
      "col": 0
    },
    {
      "time": 195.87253,
      "col": 1
    },
    {
      "time": 196.51413,
      "col": 2
    },
    {
      "time": 196.78911,
      "col": 3
    },
    {
      "time": 197.33907,
      "col": 0
    },
    {
      "time": 197.79735,
      "col": 1
    },
    {
      "time": 198.07233,
      "col": 2
    },
    {
      "time": 198.9889,
      "col": 3
    },
    {
      "time": 199.90547,
      "col": 0
    },
    {
      "time": 200.18045,
      "col": 1
    },
    {
      "time": 201.09703,
      "col": 2
    },
    {
      "time": 201.64697,
      "col": 3
    },
    {
      "time": 201.83029,
      "col": 0
    },
    {
      "time": 202.4719,
      "col": 1
    },
    {
      "time": 203.02184,
      "col": 2
    },
    {
      "time": 203.48012,
      "col": 3
    },
    {
      "time": 204.21338,
      "col": 0
    },
    {
      "time": 204.855,
      "col": 1
    },
    {
      "time": 205.40494,
      "col": 2
    },
    {
      "time": 206.87146,
      "col": 3
    },
    {
      "time": 207.78804,
      "col": 0
    },
    {
      "time": 208.24632,
      "col": 1
    },
    {
      "time": 209.07124,
      "col": 2
    },
    {
      "time": 209.8045,
      "col": 3
    },
    {
      "time": 210.2628,
      "col": 0
    },
    {
      "time": 210.99606,
      "col": 1
    },
    {
      "time": 211.82098,
      "col": 2
    },
    {
      "time": 212.09595,
      "col": 3
    },
    {
      "time": 213.01253,
      "col": 0
    },
    {
      "time": 213.83745,
      "col": 1
    },
    {
      "time": 214.29573,
      "col": 2
    },
    {
      "time": 214.93733,
      "col": 3
    },
    {
      "time": 215.76225,
      "col": 0
    },
    {
      "time": 216.22055,
      "col": 1
    },
    {
      "time": 216.95381,
      "col": 2
    },
    {
      "time": 217.50375,
      "col": 3
    },
    {
      "time": 217.77873,
      "col": 0
    },
    {
      "time": 218.23701,
      "col": 1
    },
    {
      "time": 218.87862,
      "col": 2
    },
    {
      "time": 218.97028,
      "col": 3
    },
    {
      "time": 219.52023,
      "col": 0
    },
    {
      "time": 220.2535,
      "col": 1
    },
    {
      "time": 220.4368,
      "col": 2
    },
    {
      "time": 221.62836,
      "col": 3
    },
    {
      "time": 222.26996,
      "col": 0
    },
    {
      "time": 222.45328,
      "col": 1
    },
    {
      "time": 222.8199,
      "col": 2
    },
    {
      "time": 223.27818,
      "col": 3
    },
    {
      "time": 223.36984,
      "col": 0
    },
    {
      "time": 223.73648,
      "col": 1
    },
    {
      "time": 224.28642,
      "col": 2
    },
    {
      "time": 224.65306,
      "col": 3
    },
    {
      "time": 225.01968,
      "col": 0
    },
    {
      "time": 225.75296,
      "col": 1
    },
    {
      "time": 226.21124,
      "col": 2
    },
    {
      "time": 226.9445,
      "col": 3
    },
    {
      "time": 227.49445,
      "col": 0
    },
    {
      "time": 227.67776,
      "col": 1
    },
    {
      "time": 228.41103,
      "col": 2
    }
  ]
}